gene,gene_index,truth_category,target_blocks
gene_0,0,1 CT,CT1
gene_1,1,1 CT,CT1
gene_2,2,1 CT,CT1
gene_3,3,1 CT,CT1
gene_4,4,1 CT,CT1
gene_5,5,1 CT,CT1
gene_6,6,1 CT,CT1
gene_7,7,1 CT,CT1
gene_8,8,1 CT,CT1
gene_9,9,1 CT,CT1
gene_10,10,1 CT,CT1
gene_11,11,1 CT,CT1
gene_12,12,1 CT,CT1
gene_13,13,1 CT,CT1
gene_14,14,1 CT,CT1
gene_15,15,1 CT,CT1
gene_16,16,1 CT,CT1
gene_17,17,1 CT,CT1
gene_18,18,1 CT,CT1
gene_19,19,1 CT,CT1
gene_20,20,1 CT,CT1
gene_21,21,1 CT,CT1
gene_22,22,1 CT,CT1
gene_23,23,1 CT,CT1
gene_24,24,1 CT,CT1
gene_25,25,1 CT,CT1
gene_26,26,1 CT,CT1
gene_27,27,1 CT,CT1
gene_28,28,1 CT,CT1
gene_29,29,1 CT,CT1
gene_30,30,1 CT,CT1
gene_31,31,1 CT,CT1
gene_32,32,1 CT,CT1
gene_33,33,1 CT,CT1
gene_34,34,1 CT,CT1
gene_35,35,1 CT,CT1
gene_36,36,1 CT,CT1
gene_37,37,1 CT,CT1
gene_38,38,1 CT,CT1
gene_39,39,1 CT,CT1
gene_40,40,1 CT,CT1
gene_41,41,1 CT,CT1
gene_42,42,1 CT,CT1
gene_43,43,1 CT,CT1
gene_44,44,1 CT,CT1
gene_45,45,1 CT,CT1
gene_46,46,1 CT,CT1
gene_47,47,1 CT,CT1
gene_48,48,1 CT,CT1
gene_49,49,1 CT,CT1
gene_50,50,1 CT,CT1
gene_51,51,1 CT,CT1
gene_52,52,1 CT,CT1
gene_53,53,1 CT,CT1
gene_54,54,1 CT,CT1
gene_55,55,1 CT,CT1
gene_56,56,1 CT,CT1
gene_57,57,1 CT,CT1
gene_58,58,1 CT,CT1
gene_59,59,1 CT,CT1
gene_60,60,1 CT,CT1
gene_61,61,1 CT,CT1
gene_62,62,1 CT,CT1
gene_63,63,1 CT,CT1
gene_64,64,1 CT,CT1
gene_65,65,1 CT,CT1
gene_66,66,1 CT,CT1
gene_67,67,1 CT,CT1
gene_68,68,1 CT,CT1
gene_69,69,1 CT,CT1
gene_70,70,1 CT,CT1
gene_71,71,1 CT,CT1
gene_72,72,1 CT,CT1
gene_73,73,1 CT,CT1
gene_74,74,1 CT,CT1
gene_75,75,1 CT,CT1
gene_76,76,1 CT,CT1
gene_77,77,1 CT,CT1
gene_78,78,1 CT,CT1
gene_79,79,1 CT,CT1
gene_80,80,1 CT,CT1
gene_81,81,1 CT,CT1
gene_82,82,1 CT,CT1
gene_83,83,1 CT,CT1
gene_84,84,1 CT,CT1
gene_85,85,1 CT,CT1
gene_86,86,1 CT,CT1
gene_87,87,1 CT,CT1
gene_88,88,1 CT,CT1
gene_89,89,1 CT,CT1
gene_90,90,1 CT,CT1
gene_91,91,1 CT,CT1
gene_92,92,1 CT,CT1
gene_93,93,1 CT,CT1
gene_94,94,1 CT,CT1
gene_95,95,1 CT,CT1
gene_96,96,1 CT,CT1
gene_97,97,1 CT,CT1
gene_98,98,1 CT,CT1
gene_99,99,1 CT,CT1
gene_100,100,1 CT,CT1
gene_101,101,1 CT,CT1
gene_102,102,1 CT,CT1
gene_103,103,1 CT,CT1
gene_104,104,1 CT,CT1
gene_105,105,1 CT,CT1
gene_106,106,1 CT,CT1
gene_107,107,1 CT,CT1
gene_108,108,1 CT,CT1
gene_109,109,1 CT,CT1
gene_110,110,1 CT,CT1
gene_111,111,1 CT,CT1
gene_112,112,1 CT,CT1
gene_113,113,1 CT,CT1
gene_114,114,1 CT,CT1
gene_115,115,1 CT,CT1
gene_116,116,1 CT,CT1
gene_117,117,1 CT,CT1
gene_118,118,1 CT,CT1
gene_119,119,1 CT,CT1
gene_120,120,1 CT,CT1
gene_121,121,1 CT,CT1
gene_122,122,1 CT,CT1
gene_123,123,1 CT,CT1
gene_124,124,1 CT,CT1
gene_125,125,1 CT,CT1
gene_126,126,1 CT,CT1
gene_127,127,1 CT,CT1
gene_128,128,1 CT,CT1
gene_129,129,1 CT,CT1
gene_130,130,1 CT,CT1
gene_131,131,1 CT,CT1
gene_132,132,1 CT,CT1
gene_133,133,1 CT,CT1
gene_134,134,1 CT,CT1
gene_135,135,1 CT,CT1
gene_136,136,1 CT,CT1
gene_137,137,1 CT,CT1
gene_138,138,1 CT,CT1
gene_139,139,1 CT,CT1
gene_140,140,1 CT,CT1
gene_141,141,1 CT,CT1
gene_142,142,1 CT,CT1
gene_143,143,1 CT,CT1
gene_144,144,1 CT,CT1
gene_145,145,1 CT,CT1
gene_146,146,1 CT,CT1
gene_147,147,1 CT,CT1
gene_148,148,1 CT,CT1
gene_149,149,1 CT,CT1
gene_150,150,1 CT,CT1
gene_151,151,1 CT,CT1
gene_152,152,1 CT,CT1
gene_153,153,1 CT,CT1
gene_154,154,1 CT,CT1
gene_155,155,1 CT,CT1
gene_156,156,1 CT,CT1
gene_157,157,1 CT,CT1
gene_158,158,1 CT,CT1
gene_159,159,1 CT,CT1
gene_160,160,1 CT,CT1
gene_161,161,1 CT,CT1
gene_162,162,1 CT,CT1
gene_163,163,1 CT,CT1
gene_164,164,1 CT,CT1
gene_165,165,1 CT,CT1
gene_166,166,1 CT,CT1
gene_167,167,1 CT,CT1
gene_168,168,1 CT,CT1
gene_169,169,1 CT,CT1
gene_170,170,1 CT,CT1
gene_171,171,1 CT,CT1
gene_172,172,1 CT,CT1
gene_173,173,1 CT,CT1
gene_174,174,1 CT,CT1
gene_175,175,1 CT,CT1
gene_176,176,1 CT,CT1
gene_177,177,1 CT,CT1
gene_178,178,1 CT,CT1
gene_179,179,1 CT,CT1
gene_180,180,1 CT,CT1
gene_181,181,1 CT,CT1
gene_182,182,1 CT,CT1
gene_183,183,1 CT,CT1
gene_184,184,1 CT,CT1
gene_185,185,1 CT,CT1
gene_186,186,1 CT,CT1
gene_187,187,1 CT,CT1
gene_188,188,1 CT,CT1
gene_189,189,1 CT,CT1
gene_190,190,1 CT,CT1
gene_191,191,1 CT,CT1
gene_192,192,1 CT,CT1
gene_193,193,1 CT,CT1
gene_194,194,1 CT,CT1
gene_195,195,1 CT,CT1
gene_196,196,1 CT,CT1
gene_197,197,1 CT,CT1
gene_198,198,1 CT,CT1
gene_199,199,1 CT,CT1
gene_200,200,2 CT,CT1;CT2
gene_201,201,2 CT,CT1;CT2
gene_202,202,2 CT,CT1;CT2
gene_203,203,2 CT,CT1;CT2
gene_204,204,2 CT,CT1;CT2
gene_205,205,2 CT,CT1;CT2
gene_206,206,2 CT,CT1;CT2
gene_207,207,2 CT,CT1;CT2
gene_208,208,2 CT,CT1;CT2
gene_209,209,2 CT,CT1;CT2
gene_210,210,2 CT,CT1;CT2
gene_211,211,2 CT,CT1;CT2
gene_212,212,2 CT,CT1;CT2
gene_213,213,2 CT,CT1;CT2
gene_214,214,2 CT,CT1;CT2
gene_215,215,2 CT,CT1;CT2
gene_216,216,2 CT,CT1;CT2
gene_217,217,2 CT,CT1;CT2
gene_218,218,2 CT,CT1;CT2
gene_219,219,2 CT,CT1;CT2
gene_220,220,2 CT,CT1;CT2
gene_221,221,2 CT,CT1;CT2
gene_222,222,2 CT,CT1;CT2
gene_223,223,2 CT,CT1;CT2
gene_224,224,2 CT,CT1;CT2
gene_225,225,2 CT,CT1;CT2
gene_226,226,2 CT,CT1;CT2
gene_227,227,2 CT,CT1;CT2
gene_228,228,2 CT,CT1;CT2
gene_229,229,2 CT,CT1;CT2
gene_230,230,2 CT,CT1;CT2
gene_231,231,2 CT,CT1;CT2
gene_232,232,2 CT,CT1;CT2
gene_233,233,2 CT,CT1;CT2
gene_234,234,2 CT,CT1;CT2
gene_235,235,2 CT,CT1;CT2
gene_236,236,2 CT,CT1;CT2
gene_237,237,2 CT,CT1;CT2
gene_238,238,2 CT,CT1;CT2
gene_239,239,2 CT,CT1;CT2
gene_240,240,2 CT,CT1;CT2
gene_241,241,2 CT,CT1;CT2
gene_242,242,2 CT,CT1;CT2
gene_243,243,2 CT,CT1;CT2
gene_244,244,2 CT,CT1;CT2
gene_245,245,2 CT,CT1;CT2
gene_246,246,2 CT,CT1;CT2
gene_247,247,2 CT,CT1;CT2
gene_248,248,2 CT,CT1;CT2
gene_249,249,2 CT,CT1;CT2
gene_250,250,2 CT,CT1;CT2
gene_251,251,2 CT,CT1;CT2
gene_252,252,2 CT,CT1;CT2
gene_253,253,2 CT,CT1;CT2
gene_254,254,2 CT,CT1;CT2
gene_255,255,2 CT,CT1;CT2
gene_256,256,2 CT,CT1;CT2
gene_257,257,2 CT,CT1;CT2
gene_258,258,2 CT,CT1;CT2
gene_259,259,2 CT,CT1;CT2
gene_260,260,2 CT,CT1;CT2
gene_261,261,2 CT,CT1;CT2
gene_262,262,2 CT,CT1;CT2
gene_263,263,2 CT,CT1;CT2
gene_264,264,2 CT,CT1;CT2
gene_265,265,2 CT,CT1;CT2
gene_266,266,2 CT,CT1;CT2
gene_267,267,2 CT,CT1;CT2
gene_268,268,2 CT,CT1;CT2
gene_269,269,2 CT,CT1;CT2
gene_270,270,2 CT,CT1;CT2
gene_271,271,2 CT,CT1;CT2
gene_272,272,2 CT,CT1;CT2
gene_273,273,2 CT,CT1;CT2
gene_274,274,2 CT,CT1;CT2
gene_275,275,2 CT,CT1;CT2
gene_276,276,2 CT,CT1;CT2
gene_277,277,2 CT,CT1;CT2
gene_278,278,2 CT,CT1;CT2
gene_279,279,2 CT,CT1;CT2
gene_280,280,2 CT,CT1;CT2
gene_281,281,2 CT,CT1;CT2
gene_282,282,2 CT,CT1;CT2
gene_283,283,2 CT,CT1;CT2
gene_284,284,2 CT,CT1;CT2
gene_285,285,2 CT,CT1;CT2
gene_286,286,2 CT,CT1;CT2
gene_287,287,2 CT,CT1;CT2
gene_288,288,2 CT,CT1;CT2
gene_289,289,2 CT,CT1;CT2
gene_290,290,2 CT,CT1;CT2
gene_291,291,2 CT,CT1;CT2
gene_292,292,2 CT,CT1;CT2
gene_293,293,2 CT,CT1;CT2
gene_294,294,2 CT,CT1;CT2
gene_295,295,2 CT,CT1;CT2
gene_296,296,2 CT,CT1;CT2
gene_297,297,2 CT,CT1;CT2
gene_298,298,2 CT,CT1;CT2
gene_299,299,2 CT,CT1;CT2
gene_300,300,2 CT,CT1;CT2
gene_301,301,2 CT,CT1;CT2
gene_302,302,2 CT,CT1;CT2
gene_303,303,2 CT,CT1;CT2
gene_304,304,2 CT,CT1;CT2
gene_305,305,2 CT,CT1;CT2
gene_306,306,2 CT,CT1;CT2
gene_307,307,2 CT,CT1;CT2
gene_308,308,2 CT,CT1;CT2
gene_309,309,2 CT,CT1;CT2
gene_310,310,2 CT,CT1;CT2
gene_311,311,2 CT,CT1;CT2
gene_312,312,2 CT,CT1;CT2
gene_313,313,2 CT,CT1;CT2
gene_314,314,2 CT,CT1;CT2
gene_315,315,2 CT,CT1;CT2
gene_316,316,2 CT,CT1;CT2
gene_317,317,2 CT,CT1;CT2
gene_318,318,2 CT,CT1;CT2
gene_319,319,2 CT,CT1;CT2
gene_320,320,2 CT,CT1;CT2
gene_321,321,2 CT,CT1;CT2
gene_322,322,2 CT,CT1;CT2
gene_323,323,2 CT,CT1;CT2
gene_324,324,2 CT,CT1;CT2
gene_325,325,2 CT,CT1;CT2
gene_326,326,2 CT,CT1;CT2
gene_327,327,2 CT,CT1;CT2
gene_328,328,2 CT,CT1;CT2
gene_329,329,2 CT,CT1;CT2
gene_330,330,2 CT,CT1;CT2
gene_331,331,2 CT,CT1;CT2
gene_332,332,2 CT,CT1;CT2
gene_333,333,2 CT,CT1;CT2
gene_334,334,2 CT,CT1;CT2
gene_335,335,2 CT,CT1;CT2
gene_336,336,2 CT,CT1;CT2
gene_337,337,2 CT,CT1;CT2
gene_338,338,2 CT,CT1;CT2
gene_339,339,2 CT,CT1;CT2
gene_340,340,2 CT,CT1;CT2
gene_341,341,2 CT,CT1;CT2
gene_342,342,2 CT,CT1;CT2
gene_343,343,2 CT,CT1;CT2
gene_344,344,2 CT,CT1;CT2
gene_345,345,2 CT,CT1;CT2
gene_346,346,2 CT,CT1;CT2
gene_347,347,2 CT,CT1;CT2
gene_348,348,2 CT,CT1;CT2
gene_349,349,2 CT,CT1;CT2
gene_350,350,2 CT,CT1;CT2
gene_351,351,2 CT,CT1;CT2
gene_352,352,2 CT,CT1;CT2
gene_353,353,2 CT,CT1;CT2
gene_354,354,2 CT,CT1;CT2
gene_355,355,2 CT,CT1;CT2
gene_356,356,2 CT,CT1;CT2
gene_357,357,2 CT,CT1;CT2
gene_358,358,2 CT,CT1;CT2
gene_359,359,2 CT,CT1;CT2
gene_360,360,2 CT,CT1;CT2
gene_361,361,2 CT,CT1;CT2
gene_362,362,2 CT,CT1;CT2
gene_363,363,2 CT,CT1;CT2
gene_364,364,2 CT,CT1;CT2
gene_365,365,2 CT,CT1;CT2
gene_366,366,2 CT,CT1;CT2
gene_367,367,2 CT,CT1;CT2
gene_368,368,2 CT,CT1;CT2
gene_369,369,2 CT,CT1;CT2
gene_370,370,2 CT,CT1;CT2
gene_371,371,2 CT,CT1;CT2
gene_372,372,2 CT,CT1;CT2
gene_373,373,2 CT,CT1;CT2
gene_374,374,2 CT,CT1;CT2
gene_375,375,2 CT,CT1;CT2
gene_376,376,2 CT,CT1;CT2
gene_377,377,2 CT,CT1;CT2
gene_378,378,2 CT,CT1;CT2
gene_379,379,2 CT,CT1;CT2
gene_380,380,2 CT,CT1;CT2
gene_381,381,2 CT,CT1;CT2
gene_382,382,2 CT,CT1;CT2
gene_383,383,2 CT,CT1;CT2
gene_384,384,2 CT,CT1;CT2
gene_385,385,2 CT,CT1;CT2
gene_386,386,2 CT,CT1;CT2
gene_387,387,2 CT,CT1;CT2
gene_388,388,2 CT,CT1;CT2
gene_389,389,2 CT,CT1;CT2
gene_390,390,2 CT,CT1;CT2
gene_391,391,2 CT,CT1;CT2
gene_392,392,2 CT,CT1;CT2
gene_393,393,2 CT,CT1;CT2
gene_394,394,2 CT,CT1;CT2
gene_395,395,2 CT,CT1;CT2
gene_396,396,2 CT,CT1;CT2
gene_397,397,2 CT,CT1;CT2
gene_398,398,2 CT,CT1;CT2
gene_399,399,2 CT,CT1;CT2
gene_400,400,Housekeeping,all
gene_401,401,Housekeeping,all
gene_402,402,Housekeeping,all
gene_403,403,Housekeeping,all
gene_404,404,Housekeeping,all
gene_405,405,Housekeeping,all
gene_406,406,Housekeeping,all
gene_407,407,Housekeeping,all
gene_408,408,Housekeeping,all
gene_409,409,Housekeeping,all
gene_410,410,Housekeeping,all
gene_411,411,Housekeeping,all
gene_412,412,Housekeeping,all
gene_413,413,Housekeeping,all
gene_414,414,Housekeeping,all
gene_415,415,Housekeeping,all
gene_416,416,Housekeeping,all
gene_417,417,Housekeeping,all
gene_418,418,Housekeeping,all
gene_419,419,Housekeeping,all
gene_420,420,Housekeeping,all
gene_421,421,Housekeeping,all
gene_422,422,Housekeeping,all
gene_423,423,Housekeeping,all
gene_424,424,Housekeeping,all
gene_425,425,Housekeeping,all
gene_426,426,Housekeeping,all
gene_427,427,Housekeeping,all
gene_428,428,Housekeeping,all
gene_429,429,Housekeeping,all
gene_430,430,Housekeeping,all
gene_431,431,Housekeeping,all
gene_432,432,Housekeeping,all
gene_433,433,Housekeeping,all
gene_434,434,Housekeeping,all
gene_435,435,Housekeeping,all
gene_436,436,Housekeeping,all
gene_437,437,Housekeeping,all
gene_438,438,Housekeeping,all
gene_439,439,Housekeeping,all
gene_440,440,Housekeeping,all
gene_441,441,Housekeeping,all
gene_442,442,Housekeeping,all
gene_443,443,Housekeeping,all
gene_444,444,Housekeeping,all
gene_445,445,Housekeeping,all
gene_446,446,Housekeeping,all
gene_447,447,Housekeeping,all
gene_448,448,Housekeeping,all
gene_449,449,Housekeeping,all
gene_450,450,Housekeeping,all
gene_451,451,Housekeeping,all
gene_452,452,Housekeeping,all
gene_453,453,Housekeeping,all
gene_454,454,Housekeeping,all
gene_455,455,Housekeeping,all
gene_456,456,Housekeeping,all
gene_457,457,Housekeeping,all
gene_458,458,Housekeeping,all
gene_459,459,Housekeeping,all
gene_460,460,Housekeeping,all
gene_461,461,Housekeeping,all
gene_462,462,Housekeeping,all
gene_463,463,Housekeeping,all
gene_464,464,Housekeeping,all
gene_465,465,Housekeeping,all
gene_466,466,Housekeeping,all
gene_467,467,Housekeeping,all
gene_468,468,Housekeeping,all
gene_469,469,Housekeeping,all
gene_470,470,Housekeeping,all
gene_471,471,Housekeeping,all
gene_472,472,Housekeeping,all
gene_473,473,Housekeeping,all
gene_474,474,Housekeeping,all
gene_475,475,Housekeeping,all
gene_476,476,Housekeeping,all
gene_477,477,Housekeeping,all
gene_478,478,Housekeeping,all
gene_479,479,Housekeeping,all
gene_480,480,Housekeeping,all
gene_481,481,Housekeeping,all
gene_482,482,Housekeeping,all
gene_483,483,Housekeeping,all
gene_484,484,Housekeeping,all
gene_485,485,Housekeeping,all
gene_486,486,Housekeeping,all
gene_487,487,Housekeeping,all
gene_488,488,Housekeeping,all
gene_489,489,Housekeeping,all
gene_490,490,Housekeeping,all
gene_491,491,Housekeeping,all
gene_492,492,Housekeeping,all
gene_493,493,Housekeeping,all
gene_494,494,Housekeeping,all
gene_495,495,Housekeeping,all
gene_496,496,Housekeeping,all
gene_497,497,Housekeeping,all
gene_498,498,Housekeeping,all
gene_499,499,Housekeeping,all
gene_500,500,Housekeeping,all
gene_501,501,Housekeeping,all
gene_502,502,Housekeeping,all
gene_503,503,Housekeeping,all
gene_504,504,Housekeeping,all
gene_505,505,Housekeeping,all
gene_506,506,Housekeeping,all
gene_507,507,Housekeeping,all
gene_508,508,Housekeeping,all
gene_509,509,Housekeeping,all
gene_510,510,Housekeeping,all
gene_511,511,Housekeeping,all
gene_512,512,Housekeeping,all
gene_513,513,Housekeeping,all
gene_514,514,Housekeeping,all
gene_515,515,Housekeeping,all
gene_516,516,Housekeeping,all
gene_517,517,Housekeeping,all
gene_518,518,Housekeeping,all
gene_519,519,Housekeeping,all
gene_520,520,Housekeeping,all
gene_521,521,Housekeeping,all
gene_522,522,Housekeeping,all
gene_523,523,Housekeeping,all
gene_524,524,Housekeeping,all
gene_525,525,Housekeeping,all
gene_526,526,Housekeeping,all
gene_527,527,Housekeeping,all
gene_528,528,Housekeeping,all
gene_529,529,Housekeeping,all
gene_530,530,Housekeeping,all
gene_531,531,Housekeeping,all
gene_532,532,Housekeeping,all
gene_533,533,Housekeeping,all
gene_534,534,Housekeeping,all
gene_535,535,Housekeeping,all
gene_536,536,Housekeeping,all
gene_537,537,Housekeeping,all
gene_538,538,Housekeeping,all
gene_539,539,Housekeeping,all
gene_540,540,Housekeeping,all
gene_541,541,Housekeeping,all
gene_542,542,Housekeeping,all
gene_543,543,Housekeeping,all
gene_544,544,Housekeeping,all
gene_545,545,Housekeeping,all
gene_546,546,Housekeeping,all
gene_547,547,Housekeeping,all
gene_548,548,Housekeeping,all
gene_549,549,Housekeeping,all
gene_550,550,Housekeeping,all
gene_551,551,Housekeeping,all
gene_552,552,Housekeeping,all
gene_553,553,Housekeeping,all
gene_554,554,Housekeeping,all
gene_555,555,Housekeeping,all
gene_556,556,Housekeeping,all
gene_557,557,Housekeeping,all
gene_558,558,Housekeeping,all
gene_559,559,Housekeeping,all
gene_560,560,Housekeeping,all
gene_561,561,Housekeeping,all
gene_562,562,Housekeeping,all
gene_563,563,Housekeeping,all
gene_564,564,Housekeeping,all
gene_565,565,Housekeeping,all
gene_566,566,Housekeeping,all
gene_567,567,Housekeeping,all
gene_568,568,Housekeeping,all
gene_569,569,Housekeeping,all
gene_570,570,Housekeeping,all
gene_571,571,Housekeeping,all
gene_572,572,Housekeeping,all
gene_573,573,Housekeeping,all
gene_574,574,Housekeeping,all
gene_575,575,Housekeeping,all
gene_576,576,Housekeeping,all
gene_577,577,Housekeeping,all
gene_578,578,Housekeeping,all
gene_579,579,Housekeeping,all
gene_580,580,Housekeeping,all
gene_581,581,Housekeeping,all
gene_582,582,Housekeeping,all
gene_583,583,Housekeeping,all
gene_584,584,Housekeeping,all
gene_585,585,Housekeeping,all
gene_586,586,Housekeeping,all
gene_587,587,Housekeeping,all
gene_588,588,Housekeeping,all
gene_589,589,Housekeeping,all
gene_590,590,Housekeeping,all
gene_591,591,Housekeeping,all
gene_592,592,Housekeeping,all
gene_593,593,Housekeeping,all
gene_594,594,Housekeeping,all
gene_595,595,Housekeeping,all
gene_596,596,Housekeeping,all
gene_597,597,Housekeeping,all
gene_598,598,Housekeeping,all
gene_599,599,Housekeeping,all
gene_600,600,1 CT (1 strain),StrainA:CT1
gene_601,601,1 CT (1 strain),StrainA:CT1
gene_602,602,1 CT (1 strain),StrainA:CT1
gene_603,603,1 CT (1 strain),StrainA:CT1
gene_604,604,1 CT (1 strain),StrainA:CT1
gene_605,605,1 CT (1 strain),StrainA:CT1
gene_606,606,1 CT (1 strain),StrainA:CT1
gene_607,607,1 CT (1 strain),StrainA:CT1
gene_608,608,1 CT (1 strain),StrainA:CT1
gene_609,609,1 CT (1 strain),StrainA:CT1
gene_610,610,1 CT (1 strain),StrainA:CT1
gene_611,611,1 CT (1 strain),StrainA:CT1
gene_612,612,1 CT (1 strain),StrainA:CT1
gene_613,613,1 CT (1 strain),StrainA:CT1
gene_614,614,1 CT (1 strain),StrainA:CT1
gene_615,615,1 CT (1 strain),StrainA:CT1
gene_616,616,1 CT (1 strain),StrainA:CT1
gene_617,617,1 CT (1 strain),StrainA:CT1
gene_618,618,1 CT (1 strain),StrainA:CT1
gene_619,619,1 CT (1 strain),StrainA:CT1
gene_620,620,1 CT (1 strain),StrainA:CT1
gene_621,621,1 CT (1 strain),StrainA:CT1
gene_622,622,1 CT (1 strain),StrainA:CT1
gene_623,623,1 CT (1 strain),StrainA:CT1
gene_624,624,1 CT (1 strain),StrainA:CT1
gene_625,625,1 CT (1 strain),StrainA:CT1
gene_626,626,1 CT (1 strain),StrainA:CT1
gene_627,627,1 CT (1 strain),StrainA:CT1
gene_628,628,1 CT (1 strain),StrainA:CT1
gene_629,629,1 CT (1 strain),StrainA:CT1
gene_630,630,1 CT (1 strain),StrainA:CT1
gene_631,631,1 CT (1 strain),StrainA:CT1
gene_632,632,1 CT (1 strain),StrainA:CT1
gene_633,633,1 CT (1 strain),StrainA:CT1
gene_634,634,1 CT (1 strain),StrainA:CT1
gene_635,635,1 CT (1 strain),StrainA:CT1
gene_636,636,1 CT (1 strain),StrainA:CT1
gene_637,637,1 CT (1 strain),StrainA:CT1
gene_638,638,1 CT (1 strain),StrainA:CT1
gene_639,639,1 CT (1 strain),StrainA:CT1
gene_640,640,1 CT (1 strain),StrainA:CT1
gene_641,641,1 CT (1 strain),StrainA:CT1
gene_642,642,1 CT (1 strain),StrainA:CT1
gene_643,643,1 CT (1 strain),StrainA:CT1
gene_644,644,1 CT (1 strain),StrainA:CT1
gene_645,645,1 CT (1 strain),StrainA:CT1
gene_646,646,1 CT (1 strain),StrainA:CT1
gene_647,647,1 CT (1 strain),StrainA:CT1
gene_648,648,1 CT (1 strain),StrainA:CT1
gene_649,649,1 CT (1 strain),StrainA:CT1
gene_650,650,1 CT (1 strain),StrainA:CT1
gene_651,651,1 CT (1 strain),StrainA:CT1
gene_652,652,1 CT (1 strain),StrainA:CT1
gene_653,653,1 CT (1 strain),StrainA:CT1
gene_654,654,1 CT (1 strain),StrainA:CT1
gene_655,655,1 CT (1 strain),StrainA:CT1
gene_656,656,1 CT (1 strain),StrainA:CT1
gene_657,657,1 CT (1 strain),StrainA:CT1
gene_658,658,1 CT (1 strain),StrainA:CT1
gene_659,659,1 CT (1 strain),StrainA:CT1
gene_660,660,1 CT (1 strain),StrainA:CT1
gene_661,661,1 CT (1 strain),StrainA:CT1
gene_662,662,1 CT (1 strain),StrainA:CT1
gene_663,663,1 CT (1 strain),StrainA:CT1
gene_664,664,1 CT (1 strain),StrainA:CT1
gene_665,665,1 CT (1 strain),StrainA:CT1
gene_666,666,1 CT (1 strain),StrainA:CT1
gene_667,667,1 CT (1 strain),StrainA:CT1
gene_668,668,1 CT (1 strain),StrainA:CT1
gene_669,669,1 CT (1 strain),StrainA:CT1
gene_670,670,1 CT (1 strain),StrainA:CT1
gene_671,671,1 CT (1 strain),StrainA:CT1
gene_672,672,1 CT (1 strain),StrainA:CT1
gene_673,673,1 CT (1 strain),StrainA:CT1
gene_674,674,1 CT (1 strain),StrainA:CT1
gene_675,675,1 CT (1 strain),StrainA:CT1
gene_676,676,1 CT (1 strain),StrainA:CT1
gene_677,677,1 CT (1 strain),StrainA:CT1
gene_678,678,1 CT (1 strain),StrainA:CT1
gene_679,679,1 CT (1 strain),StrainA:CT1
gene_680,680,1 CT (1 strain),StrainA:CT1
gene_681,681,1 CT (1 strain),StrainA:CT1
gene_682,682,1 CT (1 strain),StrainA:CT1
gene_683,683,1 CT (1 strain),StrainA:CT1
gene_684,684,1 CT (1 strain),StrainA:CT1
gene_685,685,1 CT (1 strain),StrainA:CT1
gene_686,686,1 CT (1 strain),StrainA:CT1
gene_687,687,1 CT (1 strain),StrainA:CT1
gene_688,688,1 CT (1 strain),StrainA:CT1
gene_689,689,1 CT (1 strain),StrainA:CT1
gene_690,690,1 CT (1 strain),StrainA:CT1
gene_691,691,1 CT (1 strain),StrainA:CT1
gene_692,692,1 CT (1 strain),StrainA:CT1
gene_693,693,1 CT (1 strain),StrainA:CT1
gene_694,694,1 CT (1 strain),StrainA:CT1
gene_695,695,1 CT (1 strain),StrainA:CT1
gene_696,696,1 CT (1 strain),StrainA:CT1
gene_697,697,1 CT (1 strain),StrainA:CT1
gene_698,698,1 CT (1 strain),StrainA:CT1
gene_699,699,1 CT (1 strain),StrainA:CT1
gene_700,700,1 CT (1 strain),StrainA:CT1
gene_701,701,1 CT (1 strain),StrainA:CT1
gene_702,702,1 CT (1 strain),StrainA:CT1
gene_703,703,1 CT (1 strain),StrainA:CT1
gene_704,704,1 CT (1 strain),StrainA:CT1
gene_705,705,1 CT (1 strain),StrainA:CT1
gene_706,706,1 CT (1 strain),StrainA:CT1
gene_707,707,1 CT (1 strain),StrainA:CT1
gene_708,708,1 CT (1 strain),StrainA:CT1
gene_709,709,1 CT (1 strain),StrainA:CT1
gene_710,710,1 CT (1 strain),StrainA:CT1
gene_711,711,1 CT (1 strain),StrainA:CT1
gene_712,712,1 CT (1 strain),StrainA:CT1
gene_713,713,1 CT (1 strain),StrainA:CT1
gene_714,714,1 CT (1 strain),StrainA:CT1
gene_715,715,1 CT (1 strain),StrainA:CT1
gene_716,716,1 CT (1 strain),StrainA:CT1
gene_717,717,1 CT (1 strain),StrainA:CT1
gene_718,718,1 CT (1 strain),StrainA:CT1
gene_719,719,1 CT (1 strain),StrainA:CT1
gene_720,720,1 CT (1 strain),StrainA:CT1
gene_721,721,1 CT (1 strain),StrainA:CT1
gene_722,722,1 CT (1 strain),StrainA:CT1
gene_723,723,1 CT (1 strain),StrainA:CT1
gene_724,724,1 CT (1 strain),StrainA:CT1
gene_725,725,1 CT (1 strain),StrainA:CT1
gene_726,726,1 CT (1 strain),StrainA:CT1
gene_727,727,1 CT (1 strain),StrainA:CT1
gene_728,728,1 CT (1 strain),StrainA:CT1
gene_729,729,1 CT (1 strain),StrainA:CT1
gene_730,730,1 CT (1 strain),StrainA:CT1
gene_731,731,1 CT (1 strain),StrainA:CT1
gene_732,732,1 CT (1 strain),StrainA:CT1
gene_733,733,1 CT (1 strain),StrainA:CT1
gene_734,734,1 CT (1 strain),StrainA:CT1
gene_735,735,1 CT (1 strain),StrainA:CT1
gene_736,736,1 CT (1 strain),StrainA:CT1
gene_737,737,1 CT (1 strain),StrainA:CT1
gene_738,738,1 CT (1 strain),StrainA:CT1
gene_739,739,1 CT (1 strain),StrainA:CT1
gene_740,740,1 CT (1 strain),StrainA:CT1
gene_741,741,1 CT (1 strain),StrainA:CT1
gene_742,742,1 CT (1 strain),StrainA:CT1
gene_743,743,1 CT (1 strain),StrainA:CT1
gene_744,744,1 CT (1 strain),StrainA:CT1
gene_745,745,1 CT (1 strain),StrainA:CT1
gene_746,746,1 CT (1 strain),StrainA:CT1
gene_747,747,1 CT (1 strain),StrainA:CT1
gene_748,748,1 CT (1 strain),StrainA:CT1
gene_749,749,1 CT (1 strain),StrainA:CT1
gene_750,750,1 CT (1 strain),StrainA:CT1
gene_751,751,1 CT (1 strain),StrainA:CT1
gene_752,752,1 CT (1 strain),StrainA:CT1
gene_753,753,1 CT (1 strain),StrainA:CT1
gene_754,754,1 CT (1 strain),StrainA:CT1
gene_755,755,1 CT (1 strain),StrainA:CT1
gene_756,756,1 CT (1 strain),StrainA:CT1
gene_757,757,1 CT (1 strain),StrainA:CT1
gene_758,758,1 CT (1 strain),StrainA:CT1
gene_759,759,1 CT (1 strain),StrainA:CT1
gene_760,760,1 CT (1 strain),StrainA:CT1
gene_761,761,1 CT (1 strain),StrainA:CT1
gene_762,762,1 CT (1 strain),StrainA:CT1
gene_763,763,1 CT (1 strain),StrainA:CT1
gene_764,764,1 CT (1 strain),StrainA:CT1
gene_765,765,1 CT (1 strain),StrainA:CT1
gene_766,766,1 CT (1 strain),StrainA:CT1
gene_767,767,1 CT (1 strain),StrainA:CT1
gene_768,768,1 CT (1 strain),StrainA:CT1
gene_769,769,1 CT (1 strain),StrainA:CT1
gene_770,770,1 CT (1 strain),StrainA:CT1
gene_771,771,1 CT (1 strain),StrainA:CT1
gene_772,772,1 CT (1 strain),StrainA:CT1
gene_773,773,1 CT (1 strain),StrainA:CT1
gene_774,774,1 CT (1 strain),StrainA:CT1
gene_775,775,1 CT (1 strain),StrainA:CT1
gene_776,776,1 CT (1 strain),StrainA:CT1
gene_777,777,1 CT (1 strain),StrainA:CT1
gene_778,778,1 CT (1 strain),StrainA:CT1
gene_779,779,1 CT (1 strain),StrainA:CT1
gene_780,780,1 CT (1 strain),StrainA:CT1
gene_781,781,1 CT (1 strain),StrainA:CT1
gene_782,782,1 CT (1 strain),StrainA:CT1
gene_783,783,1 CT (1 strain),StrainA:CT1
gene_784,784,1 CT (1 strain),StrainA:CT1
gene_785,785,1 CT (1 strain),StrainA:CT1
gene_786,786,1 CT (1 strain),StrainA:CT1
gene_787,787,1 CT (1 strain),StrainA:CT1
gene_788,788,1 CT (1 strain),StrainA:CT1
gene_789,789,1 CT (1 strain),StrainA:CT1
gene_790,790,1 CT (1 strain),StrainA:CT1
gene_791,791,1 CT (1 strain),StrainA:CT1
gene_792,792,1 CT (1 strain),StrainA:CT1
gene_793,793,1 CT (1 strain),StrainA:CT1
gene_794,794,1 CT (1 strain),StrainA:CT1
gene_795,795,1 CT (1 strain),StrainA:CT1
gene_796,796,1 CT (1 strain),StrainA:CT1
gene_797,797,1 CT (1 strain),StrainA:CT1
gene_798,798,1 CT (1 strain),StrainA:CT1
gene_799,799,1 CT (1 strain),StrainA:CT1
gene_800,800,Strain switch,StrainA:CT1;StrainB:CT2
gene_801,801,Strain switch,StrainA:CT1;StrainB:CT2
gene_802,802,Strain switch,StrainA:CT1;StrainB:CT2
gene_803,803,Strain switch,StrainA:CT1;StrainB:CT2
gene_804,804,Strain switch,StrainA:CT1;StrainB:CT2
gene_805,805,Strain switch,StrainA:CT1;StrainB:CT2
gene_806,806,Strain switch,StrainA:CT1;StrainB:CT2
gene_807,807,Strain switch,StrainA:CT1;StrainB:CT2
gene_808,808,Strain switch,StrainA:CT1;StrainB:CT2
gene_809,809,Strain switch,StrainA:CT1;StrainB:CT2
gene_810,810,Strain switch,StrainA:CT1;StrainB:CT2
gene_811,811,Strain switch,StrainA:CT1;StrainB:CT2
gene_812,812,Strain switch,StrainA:CT1;StrainB:CT2
gene_813,813,Strain switch,StrainA:CT1;StrainB:CT2
gene_814,814,Strain switch,StrainA:CT1;StrainB:CT2
gene_815,815,Strain switch,StrainA:CT1;StrainB:CT2
gene_816,816,Strain switch,StrainA:CT1;StrainB:CT2
gene_817,817,Strain switch,StrainA:CT1;StrainB:CT2
gene_818,818,Strain switch,StrainA:CT1;StrainB:CT2
gene_819,819,Strain switch,StrainA:CT1;StrainB:CT2
gene_820,820,Strain switch,StrainA:CT1;StrainB:CT2
gene_821,821,Strain switch,StrainA:CT1;StrainB:CT2
gene_822,822,Strain switch,StrainA:CT1;StrainB:CT2
gene_823,823,Strain switch,StrainA:CT1;StrainB:CT2
gene_824,824,Strain switch,StrainA:CT1;StrainB:CT2
gene_825,825,Strain switch,StrainA:CT1;StrainB:CT2
gene_826,826,Strain switch,StrainA:CT1;StrainB:CT2
gene_827,827,Strain switch,StrainA:CT1;StrainB:CT2
gene_828,828,Strain switch,StrainA:CT1;StrainB:CT2
gene_829,829,Strain switch,StrainA:CT1;StrainB:CT2
gene_830,830,Strain switch,StrainA:CT1;StrainB:CT2
gene_831,831,Strain switch,StrainA:CT1;StrainB:CT2
gene_832,832,Strain switch,StrainA:CT1;StrainB:CT2
gene_833,833,Strain switch,StrainA:CT1;StrainB:CT2
gene_834,834,Strain switch,StrainA:CT1;StrainB:CT2
gene_835,835,Strain switch,StrainA:CT1;StrainB:CT2
gene_836,836,Strain switch,StrainA:CT1;StrainB:CT2
gene_837,837,Strain switch,StrainA:CT1;StrainB:CT2
gene_838,838,Strain switch,StrainA:CT1;StrainB:CT2
gene_839,839,Strain switch,StrainA:CT1;StrainB:CT2
gene_840,840,Strain switch,StrainA:CT1;StrainB:CT2
gene_841,841,Strain switch,StrainA:CT1;StrainB:CT2
gene_842,842,Strain switch,StrainA:CT1;StrainB:CT2
gene_843,843,Strain switch,StrainA:CT1;StrainB:CT2
gene_844,844,Strain switch,StrainA:CT1;StrainB:CT2
gene_845,845,Strain switch,StrainA:CT1;StrainB:CT2
gene_846,846,Strain switch,StrainA:CT1;StrainB:CT2
gene_847,847,Strain switch,StrainA:CT1;StrainB:CT2
gene_848,848,Strain switch,StrainA:CT1;StrainB:CT2
gene_849,849,Strain switch,StrainA:CT1;StrainB:CT2
gene_850,850,Strain switch,StrainA:CT1;StrainB:CT2
gene_851,851,Strain switch,StrainA:CT1;StrainB:CT2
gene_852,852,Strain switch,StrainA:CT1;StrainB:CT2
gene_853,853,Strain switch,StrainA:CT1;StrainB:CT2
gene_854,854,Strain switch,StrainA:CT1;StrainB:CT2
gene_855,855,Strain switch,StrainA:CT1;StrainB:CT2
gene_856,856,Strain switch,StrainA:CT1;StrainB:CT2
gene_857,857,Strain switch,StrainA:CT1;StrainB:CT2
gene_858,858,Strain switch,StrainA:CT1;StrainB:CT2
gene_859,859,Strain switch,StrainA:CT1;StrainB:CT2
gene_860,860,Strain switch,StrainA:CT1;StrainB:CT2
gene_861,861,Strain switch,StrainA:CT1;StrainB:CT2
gene_862,862,Strain switch,StrainA:CT1;StrainB:CT2
gene_863,863,Strain switch,StrainA:CT1;StrainB:CT2
gene_864,864,Strain switch,StrainA:CT1;StrainB:CT2
gene_865,865,Strain switch,StrainA:CT1;StrainB:CT2
gene_866,866,Strain switch,StrainA:CT1;StrainB:CT2
gene_867,867,Strain switch,StrainA:CT1;StrainB:CT2
gene_868,868,Strain switch,StrainA:CT1;StrainB:CT2
gene_869,869,Strain switch,StrainA:CT1;StrainB:CT2
gene_870,870,Strain switch,StrainA:CT1;StrainB:CT2
gene_871,871,Strain switch,StrainA:CT1;StrainB:CT2
gene_872,872,Strain switch,StrainA:CT1;StrainB:CT2
gene_873,873,Strain switch,StrainA:CT1;StrainB:CT2
gene_874,874,Strain switch,StrainA:CT1;StrainB:CT2
gene_875,875,Strain switch,StrainA:CT1;StrainB:CT2
gene_876,876,Strain switch,StrainA:CT1;StrainB:CT2
gene_877,877,Strain switch,StrainA:CT1;StrainB:CT2
gene_878,878,Strain switch,StrainA:CT1;StrainB:CT2
gene_879,879,Strain switch,StrainA:CT1;StrainB:CT2
gene_880,880,Strain switch,StrainA:CT1;StrainB:CT2
gene_881,881,Strain switch,StrainA:CT1;StrainB:CT2
gene_882,882,Strain switch,StrainA:CT1;StrainB:CT2
gene_883,883,Strain switch,StrainA:CT1;StrainB:CT2
gene_884,884,Strain switch,StrainA:CT1;StrainB:CT2
gene_885,885,Strain switch,StrainA:CT1;StrainB:CT2
gene_886,886,Strain switch,StrainA:CT1;StrainB:CT2
gene_887,887,Strain switch,StrainA:CT1;StrainB:CT2
gene_888,888,Strain switch,StrainA:CT1;StrainB:CT2
gene_889,889,Strain switch,StrainA:CT1;StrainB:CT2
gene_890,890,Strain switch,StrainA:CT1;StrainB:CT2
gene_891,891,Strain switch,StrainA:CT1;StrainB:CT2
gene_892,892,Strain switch,StrainA:CT1;StrainB:CT2
gene_893,893,Strain switch,StrainA:CT1;StrainB:CT2
gene_894,894,Strain switch,StrainA:CT1;StrainB:CT2
gene_895,895,Strain switch,StrainA:CT1;StrainB:CT2
gene_896,896,Strain switch,StrainA:CT1;StrainB:CT2
gene_897,897,Strain switch,StrainA:CT1;StrainB:CT2
gene_898,898,Strain switch,StrainA:CT1;StrainB:CT2
gene_899,899,Strain switch,StrainA:CT1;StrainB:CT2
gene_900,900,Strain switch,StrainA:CT1;StrainB:CT2
gene_901,901,Strain switch,StrainA:CT1;StrainB:CT2
gene_902,902,Strain switch,StrainA:CT1;StrainB:CT2
gene_903,903,Strain switch,StrainA:CT1;StrainB:CT2
gene_904,904,Strain switch,StrainA:CT1;StrainB:CT2
gene_905,905,Strain switch,StrainA:CT1;StrainB:CT2
gene_906,906,Strain switch,StrainA:CT1;StrainB:CT2
gene_907,907,Strain switch,StrainA:CT1;StrainB:CT2
gene_908,908,Strain switch,StrainA:CT1;StrainB:CT2
gene_909,909,Strain switch,StrainA:CT1;StrainB:CT2
gene_910,910,Strain switch,StrainA:CT1;StrainB:CT2
gene_911,911,Strain switch,StrainA:CT1;StrainB:CT2
gene_912,912,Strain switch,StrainA:CT1;StrainB:CT2
gene_913,913,Strain switch,StrainA:CT1;StrainB:CT2
gene_914,914,Strain switch,StrainA:CT1;StrainB:CT2
gene_915,915,Strain switch,StrainA:CT1;StrainB:CT2
gene_916,916,Strain switch,StrainA:CT1;StrainB:CT2
gene_917,917,Strain switch,StrainA:CT1;StrainB:CT2
gene_918,918,Strain switch,StrainA:CT1;StrainB:CT2
gene_919,919,Strain switch,StrainA:CT1;StrainB:CT2
gene_920,920,Strain switch,StrainA:CT1;StrainB:CT2
gene_921,921,Strain switch,StrainA:CT1;StrainB:CT2
gene_922,922,Strain switch,StrainA:CT1;StrainB:CT2
gene_923,923,Strain switch,StrainA:CT1;StrainB:CT2
gene_924,924,Strain switch,StrainA:CT1;StrainB:CT2
gene_925,925,Strain switch,StrainA:CT1;StrainB:CT2
gene_926,926,Strain switch,StrainA:CT1;StrainB:CT2
gene_927,927,Strain switch,StrainA:CT1;StrainB:CT2
gene_928,928,Strain switch,StrainA:CT1;StrainB:CT2
gene_929,929,Strain switch,StrainA:CT1;StrainB:CT2
gene_930,930,Strain switch,StrainA:CT1;StrainB:CT2
gene_931,931,Strain switch,StrainA:CT1;StrainB:CT2
gene_932,932,Strain switch,StrainA:CT1;StrainB:CT2
gene_933,933,Strain switch,StrainA:CT1;StrainB:CT2
gene_934,934,Strain switch,StrainA:CT1;StrainB:CT2
gene_935,935,Strain switch,StrainA:CT1;StrainB:CT2
gene_936,936,Strain switch,StrainA:CT1;StrainB:CT2
gene_937,937,Strain switch,StrainA:CT1;StrainB:CT2
gene_938,938,Strain switch,StrainA:CT1;StrainB:CT2
gene_939,939,Strain switch,StrainA:CT1;StrainB:CT2
gene_940,940,Strain switch,StrainA:CT1;StrainB:CT2
gene_941,941,Strain switch,StrainA:CT1;StrainB:CT2
gene_942,942,Strain switch,StrainA:CT1;StrainB:CT2
gene_943,943,Strain switch,StrainA:CT1;StrainB:CT2
gene_944,944,Strain switch,StrainA:CT1;StrainB:CT2
gene_945,945,Strain switch,StrainA:CT1;StrainB:CT2
gene_946,946,Strain switch,StrainA:CT1;StrainB:CT2
gene_947,947,Strain switch,StrainA:CT1;StrainB:CT2
gene_948,948,Strain switch,StrainA:CT1;StrainB:CT2
gene_949,949,Strain switch,StrainA:CT1;StrainB:CT2
gene_950,950,Strain switch,StrainA:CT1;StrainB:CT2
gene_951,951,Strain switch,StrainA:CT1;StrainB:CT2
gene_952,952,Strain switch,StrainA:CT1;StrainB:CT2
gene_953,953,Strain switch,StrainA:CT1;StrainB:CT2
gene_954,954,Strain switch,StrainA:CT1;StrainB:CT2
gene_955,955,Strain switch,StrainA:CT1;StrainB:CT2
gene_956,956,Strain switch,StrainA:CT1;StrainB:CT2
gene_957,957,Strain switch,StrainA:CT1;StrainB:CT2
gene_958,958,Strain switch,StrainA:CT1;StrainB:CT2
gene_959,959,Strain switch,StrainA:CT1;StrainB:CT2
gene_960,960,Strain switch,StrainA:CT1;StrainB:CT2
gene_961,961,Strain switch,StrainA:CT1;StrainB:CT2
gene_962,962,Strain switch,StrainA:CT1;StrainB:CT2
gene_963,963,Strain switch,StrainA:CT1;StrainB:CT2
gene_964,964,Strain switch,StrainA:CT1;StrainB:CT2
gene_965,965,Strain switch,StrainA:CT1;StrainB:CT2
gene_966,966,Strain switch,StrainA:CT1;StrainB:CT2
gene_967,967,Strain switch,StrainA:CT1;StrainB:CT2
gene_968,968,Strain switch,StrainA:CT1;StrainB:CT2
gene_969,969,Strain switch,StrainA:CT1;StrainB:CT2
gene_970,970,Strain switch,StrainA:CT1;StrainB:CT2
gene_971,971,Strain switch,StrainA:CT1;StrainB:CT2
gene_972,972,Strain switch,StrainA:CT1;StrainB:CT2
gene_973,973,Strain switch,StrainA:CT1;StrainB:CT2
gene_974,974,Strain switch,StrainA:CT1;StrainB:CT2
gene_975,975,Strain switch,StrainA:CT1;StrainB:CT2
gene_976,976,Strain switch,StrainA:CT1;StrainB:CT2
gene_977,977,Strain switch,StrainA:CT1;StrainB:CT2
gene_978,978,Strain switch,StrainA:CT1;StrainB:CT2
gene_979,979,Strain switch,StrainA:CT1;StrainB:CT2
gene_980,980,Strain switch,StrainA:CT1;StrainB:CT2
gene_981,981,Strain switch,StrainA:CT1;StrainB:CT2
gene_982,982,Strain switch,StrainA:CT1;StrainB:CT2
gene_983,983,Strain switch,StrainA:CT1;StrainB:CT2
gene_984,984,Strain switch,StrainA:CT1;StrainB:CT2
gene_985,985,Strain switch,StrainA:CT1;StrainB:CT2
gene_986,986,Strain switch,StrainA:CT1;StrainB:CT2
gene_987,987,Strain switch,StrainA:CT1;StrainB:CT2
gene_988,988,Strain switch,StrainA:CT1;StrainB:CT2
gene_989,989,Strain switch,StrainA:CT1;StrainB:CT2
gene_990,990,Strain switch,StrainA:CT1;StrainB:CT2
gene_991,991,Strain switch,StrainA:CT1;StrainB:CT2
gene_992,992,Strain switch,StrainA:CT1;StrainB:CT2
gene_993,993,Strain switch,StrainA:CT1;StrainB:CT2
gene_994,994,Strain switch,StrainA:CT1;StrainB:CT2
gene_995,995,Strain switch,StrainA:CT1;StrainB:CT2
gene_996,996,Strain switch,StrainA:CT1;StrainB:CT2
gene_997,997,Strain switch,StrainA:CT1;StrainB:CT2
gene_998,998,Strain switch,StrainA:CT1;StrainB:CT2
gene_999,999,Strain switch,StrainA:CT1;StrainB:CT2
gene_1000,1000,Null/background,
gene_1001,1001,Null/background,
gene_1002,1002,Null/background,
gene_1003,1003,Null/background,
gene_1004,1004,Null/background,
gene_1005,1005,Null/background,
gene_1006,1006,Null/background,
gene_1007,1007,Null/background,
gene_1008,1008,Null/background,
gene_1009,1009,Null/background,
gene_1010,1010,Null/background,
gene_1011,1011,Null/background,
gene_1012,1012,Null/background,
gene_1013,1013,Null/background,
gene_1014,1014,Null/background,
gene_1015,1015,Null/background,
gene_1016,1016,Null/background,
gene_1017,1017,Null/background,
gene_1018,1018,Null/background,
gene_1019,1019,Null/background,
gene_1020,1020,Null/background,
gene_1021,1021,Null/background,
gene_1022,1022,Null/background,
gene_1023,1023,Null/background,
gene_1024,1024,Null/background,
gene_1025,1025,Null/background,
gene_1026,1026,Null/background,
gene_1027,1027,Null/background,
gene_1028,1028,Null/background,
gene_1029,1029,Null/background,
gene_1030,1030,Null/background,
gene_1031,1031,Null/background,
gene_1032,1032,Null/background,
gene_1033,1033,Null/background,
gene_1034,1034,Null/background,
gene_1035,1035,Null/background,
gene_1036,1036,Null/background,
gene_1037,1037,Null/background,
gene_1038,1038,Null/background,
gene_1039,1039,Null/background,
gene_1040,1040,Null/background,
gene_1041,1041,Null/background,
gene_1042,1042,Null/background,
gene_1043,1043,Null/background,
gene_1044,1044,Null/background,
gene_1045,1045,Null/background,
gene_1046,1046,Null/background,
gene_1047,1047,Null/background,
gene_1048,1048,Null/background,
gene_1049,1049,Null/background,
gene_1050,1050,Null/background,
gene_1051,1051,Null/background,
gene_1052,1052,Null/background,
gene_1053,1053,Null/background,
gene_1054,1054,Null/background,
gene_1055,1055,Null/background,
gene_1056,1056,Null/background,
gene_1057,1057,Null/background,
gene_1058,1058,Null/background,
gene_1059,1059,Null/background,
gene_1060,1060,Null/background,
gene_1061,1061,Null/background,
gene_1062,1062,Null/background,
gene_1063,1063,Null/background,
gene_1064,1064,Null/background,
gene_1065,1065,Null/background,
gene_1066,1066,Null/background,
gene_1067,1067,Null/background,
gene_1068,1068,Null/background,
gene_1069,1069,Null/background,
gene_1070,1070,Null/background,
gene_1071,1071,Null/background,
gene_1072,1072,Null/background,
gene_1073,1073,Null/background,
gene_1074,1074,Null/background,
gene_1075,1075,Null/background,
gene_1076,1076,Null/background,
gene_1077,1077,Null/background,
gene_1078,1078,Null/background,
gene_1079,1079,Null/background,
gene_1080,1080,Null/background,
gene_1081,1081,Null/background,
gene_1082,1082,Null/background,
gene_1083,1083,Null/background,
gene_1084,1084,Null/background,
gene_1085,1085,Null/background,
gene_1086,1086,Null/background,
gene_1087,1087,Null/background,
gene_1088,1088,Null/background,
gene_1089,1089,Null/background,
gene_1090,1090,Null/background,
gene_1091,1091,Null/background,
gene_1092,1092,Null/background,
gene_1093,1093,Null/background,
gene_1094,1094,Null/background,
gene_1095,1095,Null/background,
gene_1096,1096,Null/background,
gene_1097,1097,Null/background,
gene_1098,1098,Null/background,
gene_1099,1099,Null/background,
gene_1100,1100,Null/background,
gene_1101,1101,Null/background,
gene_1102,1102,Null/background,
gene_1103,1103,Null/background,
gene_1104,1104,Null/background,
gene_1105,1105,Null/background,
gene_1106,1106,Null/background,
gene_1107,1107,Null/background,
gene_1108,1108,Null/background,
gene_1109,1109,Null/background,
gene_1110,1110,Null/background,
gene_1111,1111,Null/background,
gene_1112,1112,Null/background,
gene_1113,1113,Null/background,
gene_1114,1114,Null/background,
gene_1115,1115,Null/background,
gene_1116,1116,Null/background,
gene_1117,1117,Null/background,
gene_1118,1118,Null/background,
gene_1119,1119,Null/background,
gene_1120,1120,Null/background,
gene_1121,1121,Null/background,
gene_1122,1122,Null/background,
gene_1123,1123,Null/background,
gene_1124,1124,Null/background,
gene_1125,1125,Null/background,
gene_1126,1126,Null/background,
gene_1127,1127,Null/background,
gene_1128,1128,Null/background,
gene_1129,1129,Null/background,
gene_1130,1130,Null/background,
gene_1131,1131,Null/background,
gene_1132,1132,Null/background,
gene_1133,1133,Null/background,
gene_1134,1134,Null/background,
gene_1135,1135,Null/background,
gene_1136,1136,Null/background,
gene_1137,1137,Null/background,
gene_1138,1138,Null/background,
gene_1139,1139,Null/background,
gene_1140,1140,Null/background,
gene_1141,1141,Null/background,
gene_1142,1142,Null/background,
gene_1143,1143,Null/background,
gene_1144,1144,Null/background,
gene_1145,1145,Null/background,
gene_1146,1146,Null/background,
gene_1147,1147,Null/background,
gene_1148,1148,Null/background,
gene_1149,1149,Null/background,
gene_1150,1150,Null/background,
gene_1151,1151,Null/background,
gene_1152,1152,Null/background,
gene_1153,1153,Null/background,
gene_1154,1154,Null/background,
gene_1155,1155,Null/background,
gene_1156,1156,Null/background,
gene_1157,1157,Null/background,
gene_1158,1158,Null/background,
gene_1159,1159,Null/background,
gene_1160,1160,Null/background,
gene_1161,1161,Null/background,
gene_1162,1162,Null/background,
gene_1163,1163,Null/background,
gene_1164,1164,Null/background,
gene_1165,1165,Null/background,
gene_1166,1166,Null/background,
gene_1167,1167,Null/background,
gene_1168,1168,Null/background,
gene_1169,1169,Null/background,
gene_1170,1170,Null/background,
gene_1171,1171,Null/background,
gene_1172,1172,Null/background,
gene_1173,1173,Null/background,
gene_1174,1174,Null/background,
gene_1175,1175,Null/background,
gene_1176,1176,Null/background,
gene_1177,1177,Null/background,
gene_1178,1178,Null/background,
gene_1179,1179,Null/background,
gene_1180,1180,Null/background,
gene_1181,1181,Null/background,
gene_1182,1182,Null/background,
gene_1183,1183,Null/background,
gene_1184,1184,Null/background,
gene_1185,1185,Null/background,
gene_1186,1186,Null/background,
gene_1187,1187,Null/background,
gene_1188,1188,Null/background,
gene_1189,1189,Null/background,
gene_1190,1190,Null/background,
gene_1191,1191,Null/background,
gene_1192,1192,Null/background,
gene_1193,1193,Null/background,
gene_1194,1194,Null/background,
gene_1195,1195,Null/background,
gene_1196,1196,Null/background,
gene_1197,1197,Null/background,
gene_1198,1198,Null/background,
gene_1199,1199,Null/background,
gene_1200,1200,Null/background,
gene_1201,1201,Null/background,
gene_1202,1202,Null/background,
gene_1203,1203,Null/background,
gene_1204,1204,Null/background,
gene_1205,1205,Null/background,
gene_1206,1206,Null/background,
gene_1207,1207,Null/background,
gene_1208,1208,Null/background,
gene_1209,1209,Null/background,
gene_1210,1210,Null/background,
gene_1211,1211,Null/background,
gene_1212,1212,Null/background,
gene_1213,1213,Null/background,
gene_1214,1214,Null/background,
gene_1215,1215,Null/background,
gene_1216,1216,Null/background,
gene_1217,1217,Null/background,
gene_1218,1218,Null/background,
gene_1219,1219,Null/background,
gene_1220,1220,Null/background,
gene_1221,1221,Null/background,
gene_1222,1222,Null/background,
gene_1223,1223,Null/background,
gene_1224,1224,Null/background,
gene_1225,1225,Null/background,
gene_1226,1226,Null/background,
gene_1227,1227,Null/background,
gene_1228,1228,Null/background,
gene_1229,1229,Null/background,
gene_1230,1230,Null/background,
gene_1231,1231,Null/background,
gene_1232,1232,Null/background,
gene_1233,1233,Null/background,
gene_1234,1234,Null/background,
gene_1235,1235,Null/background,
gene_1236,1236,Null/background,
gene_1237,1237,Null/background,
gene_1238,1238,Null/background,
gene_1239,1239,Null/background,
gene_1240,1240,Null/background,
gene_1241,1241,Null/background,
gene_1242,1242,Null/background,
gene_1243,1243,Null/background,
gene_1244,1244,Null/background,
gene_1245,1245,Null/background,
gene_1246,1246,Null/background,
gene_1247,1247,Null/background,
gene_1248,1248,Null/background,
gene_1249,1249,Null/background,
gene_1250,1250,Null/background,
gene_1251,1251,Null/background,
gene_1252,1252,Null/background,
gene_1253,1253,Null/background,
gene_1254,1254,Null/background,
gene_1255,1255,Null/background,
gene_1256,1256,Null/background,
gene_1257,1257,Null/background,
gene_1258,1258,Null/background,
gene_1259,1259,Null/background,
gene_1260,1260,Null/background,
gene_1261,1261,Null/background,
gene_1262,1262,Null/background,
gene_1263,1263,Null/background,
gene_1264,1264,Null/background,
gene_1265,1265,Null/background,
gene_1266,1266,Null/background,
gene_1267,1267,Null/background,
gene_1268,1268,Null/background,
gene_1269,1269,Null/background,
gene_1270,1270,Null/background,
gene_1271,1271,Null/background,
gene_1272,1272,Null/background,
gene_1273,1273,Null/background,
gene_1274,1274,Null/background,
gene_1275,1275,Null/background,
gene_1276,1276,Null/background,
gene_1277,1277,Null/background,
gene_1278,1278,Null/background,
gene_1279,1279,Null/background,
gene_1280,1280,Null/background,
gene_1281,1281,Null/background,
gene_1282,1282,Null/background,
gene_1283,1283,Null/background,
gene_1284,1284,Null/background,
gene_1285,1285,Null/background,
gene_1286,1286,Null/background,
gene_1287,1287,Null/background,
gene_1288,1288,Null/background,
gene_1289,1289,Null/background,
gene_1290,1290,Null/background,
gene_1291,1291,Null/background,
gene_1292,1292,Null/background,
gene_1293,1293,Null/background,
gene_1294,1294,Null/background,
gene_1295,1295,Null/background,
gene_1296,1296,Null/background,
gene_1297,1297,Null/background,
gene_1298,1298,Null/background,
gene_1299,1299,Null/background,
gene_1300,1300,Null/background,
gene_1301,1301,Null/background,
gene_1302,1302,Null/background,
gene_1303,1303,Null/background,
gene_1304,1304,Null/background,
gene_1305,1305,Null/background,
gene_1306,1306,Null/background,
gene_1307,1307,Null/background,
gene_1308,1308,Null/background,
gene_1309,1309,Null/background,
gene_1310,1310,Null/background,
gene_1311,1311,Null/background,
gene_1312,1312,Null/background,
gene_1313,1313,Null/background,
gene_1314,1314,Null/background,
gene_1315,1315,Null/background,
gene_1316,1316,Null/background,
gene_1317,1317,Null/background,
gene_1318,1318,Null/background,
gene_1319,1319,Null/background,
gene_1320,1320,Null/background,
gene_1321,1321,Null/background,
gene_1322,1322,Null/background,
gene_1323,1323,Null/background,
gene_1324,1324,Null/background,
gene_1325,1325,Null/background,
gene_1326,1326,Null/background,
gene_1327,1327,Null/background,
gene_1328,1328,Null/background,
gene_1329,1329,Null/background,
gene_1330,1330,Null/background,
gene_1331,1331,Null/background,
gene_1332,1332,Null/background,
gene_1333,1333,Null/background,
gene_1334,1334,Null/background,
gene_1335,1335,Null/background,
gene_1336,1336,Null/background,
gene_1337,1337,Null/background,
gene_1338,1338,Null/background,
gene_1339,1339,Null/background,
gene_1340,1340,Null/background,
gene_1341,1341,Null/background,
gene_1342,1342,Null/background,
gene_1343,1343,Null/background,
gene_1344,1344,Null/background,
gene_1345,1345,Null/background,
gene_1346,1346,Null/background,
gene_1347,1347,Null/background,
gene_1348,1348,Null/background,
gene_1349,1349,Null/background,
gene_1350,1350,Null/background,
gene_1351,1351,Null/background,
gene_1352,1352,Null/background,
gene_1353,1353,Null/background,
gene_1354,1354,Null/background,
gene_1355,1355,Null/background,
gene_1356,1356,Null/background,
gene_1357,1357,Null/background,
gene_1358,1358,Null/background,
gene_1359,1359,Null/background,
gene_1360,1360,Null/background,
gene_1361,1361,Null/background,
gene_1362,1362,Null/background,
gene_1363,1363,Null/background,
gene_1364,1364,Null/background,
gene_1365,1365,Null/background,
gene_1366,1366,Null/background,
gene_1367,1367,Null/background,
gene_1368,1368,Null/background,
gene_1369,1369,Null/background,
gene_1370,1370,Null/background,
gene_1371,1371,Null/background,
gene_1372,1372,Null/background,
gene_1373,1373,Null/background,
gene_1374,1374,Null/background,
gene_1375,1375,Null/background,
gene_1376,1376,Null/background,
gene_1377,1377,Null/background,
gene_1378,1378,Null/background,
gene_1379,1379,Null/background,
gene_1380,1380,Null/background,
gene_1381,1381,Null/background,
gene_1382,1382,Null/background,
gene_1383,1383,Null/background,
gene_1384,1384,Null/background,
gene_1385,1385,Null/background,
gene_1386,1386,Null/background,
gene_1387,1387,Null/background,
gene_1388,1388,Null/background,
gene_1389,1389,Null/background,
gene_1390,1390,Null/background,
gene_1391,1391,Null/background,
gene_1392,1392,Null/background,
gene_1393,1393,Null/background,
gene_1394,1394,Null/background,
gene_1395,1395,Null/background,
gene_1396,1396,Null/background,
gene_1397,1397,Null/background,
gene_1398,1398,Null/background,
gene_1399,1399,Null/background,
gene_1400,1400,Null/background,
gene_1401,1401,Null/background,
gene_1402,1402,Null/background,
gene_1403,1403,Null/background,
gene_1404,1404,Null/background,
gene_1405,1405,Null/background,
gene_1406,1406,Null/background,
gene_1407,1407,Null/background,
gene_1408,1408,Null/background,
gene_1409,1409,Null/background,
gene_1410,1410,Null/background,
gene_1411,1411,Null/background,
gene_1412,1412,Null/background,
gene_1413,1413,Null/background,
gene_1414,1414,Null/background,
gene_1415,1415,Null/background,
gene_1416,1416,Null/background,
gene_1417,1417,Null/background,
gene_1418,1418,Null/background,
gene_1419,1419,Null/background,
gene_1420,1420,Null/background,
gene_1421,1421,Null/background,
gene_1422,1422,Null/background,
gene_1423,1423,Null/background,
gene_1424,1424,Null/background,
gene_1425,1425,Null/background,
gene_1426,1426,Null/background,
gene_1427,1427,Null/background,
gene_1428,1428,Null/background,
gene_1429,1429,Null/background,
gene_1430,1430,Null/background,
gene_1431,1431,Null/background,
gene_1432,1432,Null/background,
gene_1433,1433,Null/background,
gene_1434,1434,Null/background,
gene_1435,1435,Null/background,
gene_1436,1436,Null/background,
gene_1437,1437,Null/background,
gene_1438,1438,Null/background,
gene_1439,1439,Null/background,
gene_1440,1440,Null/background,
gene_1441,1441,Null/background,
gene_1442,1442,Null/background,
gene_1443,1443,Null/background,
gene_1444,1444,Null/background,
gene_1445,1445,Null/background,
gene_1446,1446,Null/background,
gene_1447,1447,Null/background,
gene_1448,1448,Null/background,
gene_1449,1449,Null/background,
gene_1450,1450,Null/background,
gene_1451,1451,Null/background,
gene_1452,1452,Null/background,
gene_1453,1453,Null/background,
gene_1454,1454,Null/background,
gene_1455,1455,Null/background,
gene_1456,1456,Null/background,
gene_1457,1457,Null/background,
gene_1458,1458,Null/background,
gene_1459,1459,Null/background,
gene_1460,1460,Null/background,
gene_1461,1461,Null/background,
gene_1462,1462,Null/background,
gene_1463,1463,Null/background,
gene_1464,1464,Null/background,
gene_1465,1465,Null/background,
gene_1466,1466,Null/background,
gene_1467,1467,Null/background,
gene_1468,1468,Null/background,
gene_1469,1469,Null/background,
gene_1470,1470,Null/background,
gene_1471,1471,Null/background,
gene_1472,1472,Null/background,
gene_1473,1473,Null/background,
gene_1474,1474,Null/background,
gene_1475,1475,Null/background,
gene_1476,1476,Null/background,
gene_1477,1477,Null/background,
gene_1478,1478,Null/background,
gene_1479,1479,Null/background,
gene_1480,1480,Null/background,
gene_1481,1481,Null/background,
gene_1482,1482,Null/background,
gene_1483,1483,Null/background,
gene_1484,1484,Null/background,
gene_1485,1485,Null/background,
gene_1486,1486,Null/background,
gene_1487,1487,Null/background,
gene_1488,1488,Null/background,
gene_1489,1489,Null/background,
gene_1490,1490,Null/background,
gene_1491,1491,Null/background,
gene_1492,1492,Null/background,
gene_1493,1493,Null/background,
gene_1494,1494,Null/background,
gene_1495,1495,Null/background,
gene_1496,1496,Null/background,
gene_1497,1497,Null/background,
gene_1498,1498,Null/background,
gene_1499,1499,Null/background,
gene_1500,1500,Null/background,
gene_1501,1501,Null/background,
gene_1502,1502,Null/background,
gene_1503,1503,Null/background,
gene_1504,1504,Null/background,
gene_1505,1505,Null/background,
gene_1506,1506,Null/background,
gene_1507,1507,Null/background,
gene_1508,1508,Null/background,
gene_1509,1509,Null/background,
gene_1510,1510,Null/background,
gene_1511,1511,Null/background,
gene_1512,1512,Null/background,
gene_1513,1513,Null/background,
gene_1514,1514,Null/background,
gene_1515,1515,Null/background,
gene_1516,1516,Null/background,
gene_1517,1517,Null/background,
gene_1518,1518,Null/background,
gene_1519,1519,Null/background,
gene_1520,1520,Null/background,
gene_1521,1521,Null/background,
gene_1522,1522,Null/background,
gene_1523,1523,Null/background,
gene_1524,1524,Null/background,
gene_1525,1525,Null/background,
gene_1526,1526,Null/background,
gene_1527,1527,Null/background,
gene_1528,1528,Null/background,
gene_1529,1529,Null/background,
gene_1530,1530,Null/background,
gene_1531,1531,Null/background,
gene_1532,1532,Null/background,
gene_1533,1533,Null/background,
gene_1534,1534,Null/background,
gene_1535,1535,Null/background,
gene_1536,1536,Null/background,
gene_1537,1537,Null/background,
gene_1538,1538,Null/background,
gene_1539,1539,Null/background,
gene_1540,1540,Null/background,
gene_1541,1541,Null/background,
gene_1542,1542,Null/background,
gene_1543,1543,Null/background,
gene_1544,1544,Null/background,
gene_1545,1545,Null/background,
gene_1546,1546,Null/background,
gene_1547,1547,Null/background,
gene_1548,1548,Null/background,
gene_1549,1549,Null/background,
gene_1550,1550,Null/background,
gene_1551,1551,Null/background,
gene_1552,1552,Null/background,
gene_1553,1553,Null/background,
gene_1554,1554,Null/background,
gene_1555,1555,Null/background,
gene_1556,1556,Null/background,
gene_1557,1557,Null/background,
gene_1558,1558,Null/background,
gene_1559,1559,Null/background,
gene_1560,1560,Null/background,
gene_1561,1561,Null/background,
gene_1562,1562,Null/background,
gene_1563,1563,Null/background,
gene_1564,1564,Null/background,
gene_1565,1565,Null/background,
gene_1566,1566,Null/background,
gene_1567,1567,Null/background,
gene_1568,1568,Null/background,
gene_1569,1569,Null/background,
gene_1570,1570,Null/background,
gene_1571,1571,Null/background,
gene_1572,1572,Null/background,
gene_1573,1573,Null/background,
gene_1574,1574,Null/background,
gene_1575,1575,Null/background,
gene_1576,1576,Null/background,
gene_1577,1577,Null/background,
gene_1578,1578,Null/background,
gene_1579,1579,Null/background,
gene_1580,1580,Null/background,
gene_1581,1581,Null/background,
gene_1582,1582,Null/background,
gene_1583,1583,Null/background,
gene_1584,1584,Null/background,
gene_1585,1585,Null/background,
gene_1586,1586,Null/background,
gene_1587,1587,Null/background,
gene_1588,1588,Null/background,
gene_1589,1589,Null/background,
gene_1590,1590,Null/background,
gene_1591,1591,Null/background,
gene_1592,1592,Null/background,
gene_1593,1593,Null/background,
gene_1594,1594,Null/background,
gene_1595,1595,Null/background,
gene_1596,1596,Null/background,
gene_1597,1597,Null/background,
gene_1598,1598,Null/background,
gene_1599,1599,Null/background,
gene_1600,1600,Null/background,
gene_1601,1601,Null/background,
gene_1602,1602,Null/background,
gene_1603,1603,Null/background,
gene_1604,1604,Null/background,
gene_1605,1605,Null/background,
gene_1606,1606,Null/background,
gene_1607,1607,Null/background,
gene_1608,1608,Null/background,
gene_1609,1609,Null/background,
gene_1610,1610,Null/background,
gene_1611,1611,Null/background,
gene_1612,1612,Null/background,
gene_1613,1613,Null/background,
gene_1614,1614,Null/background,
gene_1615,1615,Null/background,
gene_1616,1616,Null/background,
gene_1617,1617,Null/background,
gene_1618,1618,Null/background,
gene_1619,1619,Null/background,
gene_1620,1620,Null/background,
gene_1621,1621,Null/background,
gene_1622,1622,Null/background,
gene_1623,1623,Null/background,
gene_1624,1624,Null/background,
gene_1625,1625,Null/background,
gene_1626,1626,Null/background,
gene_1627,1627,Null/background,
gene_1628,1628,Null/background,
gene_1629,1629,Null/background,
gene_1630,1630,Null/background,
gene_1631,1631,Null/background,
gene_1632,1632,Null/background,
gene_1633,1633,Null/background,
gene_1634,1634,Null/background,
gene_1635,1635,Null/background,
gene_1636,1636,Null/background,
gene_1637,1637,Null/background,
gene_1638,1638,Null/background,
gene_1639,1639,Null/background,
gene_1640,1640,Null/background,
gene_1641,1641,Null/background,
gene_1642,1642,Null/background,
gene_1643,1643,Null/background,
gene_1644,1644,Null/background,
gene_1645,1645,Null/background,
gene_1646,1646,Null/background,
gene_1647,1647,Null/background,
gene_1648,1648,Null/background,
gene_1649,1649,Null/background,
gene_1650,1650,Null/background,
gene_1651,1651,Null/background,
gene_1652,1652,Null/background,
gene_1653,1653,Null/background,
gene_1654,1654,Null/background,
gene_1655,1655,Null/background,
gene_1656,1656,Null/background,
gene_1657,1657,Null/background,
gene_1658,1658,Null/background,
gene_1659,1659,Null/background,
gene_1660,1660,Null/background,
gene_1661,1661,Null/background,
gene_1662,1662,Null/background,
gene_1663,1663,Null/background,
gene_1664,1664,Null/background,
gene_1665,1665,Null/background,
gene_1666,1666,Null/background,
gene_1667,1667,Null/background,
gene_1668,1668,Null/background,
gene_1669,1669,Null/background,
gene_1670,1670,Null/background,
gene_1671,1671,Null/background,
gene_1672,1672,Null/background,
gene_1673,1673,Null/background,
gene_1674,1674,Null/background,
gene_1675,1675,Null/background,
gene_1676,1676,Null/background,
gene_1677,1677,Null/background,
gene_1678,1678,Null/background,
gene_1679,1679,Null/background,
gene_1680,1680,Null/background,
gene_1681,1681,Null/background,
gene_1682,1682,Null/background,
gene_1683,1683,Null/background,
gene_1684,1684,Null/background,
gene_1685,1685,Null/background,
gene_1686,1686,Null/background,
gene_1687,1687,Null/background,
gene_1688,1688,Null/background,
gene_1689,1689,Null/background,
gene_1690,1690,Null/background,
gene_1691,1691,Null/background,
gene_1692,1692,Null/background,
gene_1693,1693,Null/background,
gene_1694,1694,Null/background,
gene_1695,1695,Null/background,
gene_1696,1696,Null/background,
gene_1697,1697,Null/background,
gene_1698,1698,Null/background,
gene_1699,1699,Null/background,
gene_1700,1700,Null/background,
gene_1701,1701,Null/background,
gene_1702,1702,Null/background,
gene_1703,1703,Null/background,
gene_1704,1704,Null/background,
gene_1705,1705,Null/background,
gene_1706,1706,Null/background,
gene_1707,1707,Null/background,
gene_1708,1708,Null/background,
gene_1709,1709,Null/background,
gene_1710,1710,Null/background,
gene_1711,1711,Null/background,
gene_1712,1712,Null/background,
gene_1713,1713,Null/background,
gene_1714,1714,Null/background,
gene_1715,1715,Null/background,
gene_1716,1716,Null/background,
gene_1717,1717,Null/background,
gene_1718,1718,Null/background,
gene_1719,1719,Null/background,
gene_1720,1720,Null/background,
gene_1721,1721,Null/background,
gene_1722,1722,Null/background,
gene_1723,1723,Null/background,
gene_1724,1724,Null/background,
gene_1725,1725,Null/background,
gene_1726,1726,Null/background,
gene_1727,1727,Null/background,
gene_1728,1728,Null/background,
gene_1729,1729,Null/background,
gene_1730,1730,Null/background,
gene_1731,1731,Null/background,
gene_1732,1732,Null/background,
gene_1733,1733,Null/background,
gene_1734,1734,Null/background,
gene_1735,1735,Null/background,
gene_1736,1736,Null/background,
gene_1737,1737,Null/background,
gene_1738,1738,Null/background,
gene_1739,1739,Null/background,
gene_1740,1740,Null/background,
gene_1741,1741,Null/background,
gene_1742,1742,Null/background,
gene_1743,1743,Null/background,
gene_1744,1744,Null/background,
gene_1745,1745,Null/background,
gene_1746,1746,Null/background,
gene_1747,1747,Null/background,
gene_1748,1748,Null/background,
gene_1749,1749,Null/background,
gene_1750,1750,Null/background,
gene_1751,1751,Null/background,
gene_1752,1752,Null/background,
gene_1753,1753,Null/background,
gene_1754,1754,Null/background,
gene_1755,1755,Null/background,
gene_1756,1756,Null/background,
gene_1757,1757,Null/background,
gene_1758,1758,Null/background,
gene_1759,1759,Null/background,
gene_1760,1760,Null/background,
gene_1761,1761,Null/background,
gene_1762,1762,Null/background,
gene_1763,1763,Null/background,
gene_1764,1764,Null/background,
gene_1765,1765,Null/background,
gene_1766,1766,Null/background,
gene_1767,1767,Null/background,
gene_1768,1768,Null/background,
gene_1769,1769,Null/background,
gene_1770,1770,Null/background,
gene_1771,1771,Null/background,
gene_1772,1772,Null/background,
gene_1773,1773,Null/background,
gene_1774,1774,Null/background,
gene_1775,1775,Null/background,
gene_1776,1776,Null/background,
gene_1777,1777,Null/background,
gene_1778,1778,Null/background,
gene_1779,1779,Null/background,
gene_1780,1780,Null/background,
gene_1781,1781,Null/background,
gene_1782,1782,Null/background,
gene_1783,1783,Null/background,
gene_1784,1784,Null/background,
gene_1785,1785,Null/background,
gene_1786,1786,Null/background,
gene_1787,1787,Null/background,
gene_1788,1788,Null/background,
gene_1789,1789,Null/background,
gene_1790,1790,Null/background,
gene_1791,1791,Null/background,
gene_1792,1792,Null/background,
gene_1793,1793,Null/background,
gene_1794,1794,Null/background,
gene_1795,1795,Null/background,
gene_1796,1796,Null/background,
gene_1797,1797,Null/background,
gene_1798,1798,Null/background,
gene_1799,1799,Null/background,
gene_1800,1800,Null/background,
gene_1801,1801,Null/background,
gene_1802,1802,Null/background,
gene_1803,1803,Null/background,
gene_1804,1804,Null/background,
gene_1805,1805,Null/background,
gene_1806,1806,Null/background,
gene_1807,1807,Null/background,
gene_1808,1808,Null/background,
gene_1809,1809,Null/background,
gene_1810,1810,Null/background,
gene_1811,1811,Null/background,
gene_1812,1812,Null/background,
gene_1813,1813,Null/background,
gene_1814,1814,Null/background,
gene_1815,1815,Null/background,
gene_1816,1816,Null/background,
gene_1817,1817,Null/background,
gene_1818,1818,Null/background,
gene_1819,1819,Null/background,
gene_1820,1820,Null/background,
gene_1821,1821,Null/background,
gene_1822,1822,Null/background,
gene_1823,1823,Null/background,
gene_1824,1824,Null/background,
gene_1825,1825,Null/background,
gene_1826,1826,Null/background,
gene_1827,1827,Null/background,
gene_1828,1828,Null/background,
gene_1829,1829,Null/background,
gene_1830,1830,Null/background,
gene_1831,1831,Null/background,
gene_1832,1832,Null/background,
gene_1833,1833,Null/background,
gene_1834,1834,Null/background,
gene_1835,1835,Null/background,
gene_1836,1836,Null/background,
gene_1837,1837,Null/background,
gene_1838,1838,Null/background,
gene_1839,1839,Null/background,
gene_1840,1840,Null/background,
gene_1841,1841,Null/background,
gene_1842,1842,Null/background,
gene_1843,1843,Null/background,
gene_1844,1844,Null/background,
gene_1845,1845,Null/background,
gene_1846,1846,Null/background,
gene_1847,1847,Null/background,
gene_1848,1848,Null/background,
gene_1849,1849,Null/background,
gene_1850,1850,Null/background,
gene_1851,1851,Null/background,
gene_1852,1852,Null/background,
gene_1853,1853,Null/background,
gene_1854,1854,Null/background,
gene_1855,1855,Null/background,
gene_1856,1856,Null/background,
gene_1857,1857,Null/background,
gene_1858,1858,Null/background,
gene_1859,1859,Null/background,
gene_1860,1860,Null/background,
gene_1861,1861,Null/background,
gene_1862,1862,Null/background,
gene_1863,1863,Null/background,
gene_1864,1864,Null/background,
gene_1865,1865,Null/background,
gene_1866,1866,Null/background,
gene_1867,1867,Null/background,
gene_1868,1868,Null/background,
gene_1869,1869,Null/background,
gene_1870,1870,Null/background,
gene_1871,1871,Null/background,
gene_1872,1872,Null/background,
gene_1873,1873,Null/background,
gene_1874,1874,Null/background,
gene_1875,1875,Null/background,
gene_1876,1876,Null/background,
gene_1877,1877,Null/background,
gene_1878,1878,Null/background,
gene_1879,1879,Null/background,
gene_1880,1880,Null/background,
gene_1881,1881,Null/background,
gene_1882,1882,Null/background,
gene_1883,1883,Null/background,
gene_1884,1884,Null/background,
gene_1885,1885,Null/background,
gene_1886,1886,Null/background,
gene_1887,1887,Null/background,
gene_1888,1888,Null/background,
gene_1889,1889,Null/background,
gene_1890,1890,Null/background,
gene_1891,1891,Null/background,
gene_1892,1892,Null/background,
gene_1893,1893,Null/background,
gene_1894,1894,Null/background,
gene_1895,1895,Null/background,
gene_1896,1896,Null/background,
gene_1897,1897,Null/background,
gene_1898,1898,Null/background,
gene_1899,1899,Null/background,
gene_1900,1900,Null/background,
gene_1901,1901,Null/background,
gene_1902,1902,Null/background,
gene_1903,1903,Null/background,
gene_1904,1904,Null/background,
gene_1905,1905,Null/background,
gene_1906,1906,Null/background,
gene_1907,1907,Null/background,
gene_1908,1908,Null/background,
gene_1909,1909,Null/background,
gene_1910,1910,Null/background,
gene_1911,1911,Null/background,
gene_1912,1912,Null/background,
gene_1913,1913,Null/background,
gene_1914,1914,Null/background,
gene_1915,1915,Null/background,
gene_1916,1916,Null/background,
gene_1917,1917,Null/background,
gene_1918,1918,Null/background,
gene_1919,1919,Null/background,
gene_1920,1920,Null/background,
gene_1921,1921,Null/background,
gene_1922,1922,Null/background,
gene_1923,1923,Null/background,
gene_1924,1924,Null/background,
gene_1925,1925,Null/background,
gene_1926,1926,Null/background,
gene_1927,1927,Null/background,
gene_1928,1928,Null/background,
gene_1929,1929,Null/background,
gene_1930,1930,Null/background,
gene_1931,1931,Null/background,
gene_1932,1932,Null/background,
gene_1933,1933,Null/background,
gene_1934,1934,Null/background,
gene_1935,1935,Null/background,
gene_1936,1936,Null/background,
gene_1937,1937,Null/background,
gene_1938,1938,Null/background,
gene_1939,1939,Null/background,
gene_1940,1940,Null/background,
gene_1941,1941,Null/background,
gene_1942,1942,Null/background,
gene_1943,1943,Null/background,
gene_1944,1944,Null/background,
gene_1945,1945,Null/background,
gene_1946,1946,Null/background,
gene_1947,1947,Null/background,
gene_1948,1948,Null/background,
gene_1949,1949,Null/background,
gene_1950,1950,Null/background,
gene_1951,1951,Null/background,
gene_1952,1952,Null/background,
gene_1953,1953,Null/background,
gene_1954,1954,Null/background,
gene_1955,1955,Null/background,
gene_1956,1956,Null/background,
gene_1957,1957,Null/background,
gene_1958,1958,Null/background,
gene_1959,1959,Null/background,
gene_1960,1960,Null/background,
gene_1961,1961,Null/background,
gene_1962,1962,Null/background,
gene_1963,1963,Null/background,
gene_1964,1964,Null/background,
gene_1965,1965,Null/background,
gene_1966,1966,Null/background,
gene_1967,1967,Null/background,
gene_1968,1968,Null/background,
gene_1969,1969,Null/background,
gene_1970,1970,Null/background,
gene_1971,1971,Null/background,
gene_1972,1972,Null/background,
gene_1973,1973,Null/background,
gene_1974,1974,Null/background,
gene_1975,1975,Null/background,
gene_1976,1976,Null/background,
gene_1977,1977,Null/background,
gene_1978,1978,Null/background,
gene_1979,1979,Null/background,
gene_1980,1980,Null/background,
gene_1981,1981,Null/background,
gene_1982,1982,Null/background,
gene_1983,1983,Null/background,
gene_1984,1984,Null/background,
gene_1985,1985,Null/background,
gene_1986,1986,Null/background,
gene_1987,1987,Null/background,
gene_1988,1988,Null/background,
gene_1989,1989,Null/background,
gene_1990,1990,Null/background,
gene_1991,1991,Null/background,
gene_1992,1992,Null/background,
gene_1993,1993,Null/background,
gene_1994,1994,Null/background,
gene_1995,1995,Null/background,
gene_1996,1996,Null/background,
gene_1997,1997,Null/background,
gene_1998,1998,Null/background,
gene_1999,1999,Null/background,
gene_2000,2000,Null/background,
gene_2001,2001,Null/background,
gene_2002,2002,Null/background,
gene_2003,2003,Null/background,
gene_2004,2004,Null/background,
gene_2005,2005,Null/background,
gene_2006,2006,Null/background,
gene_2007,2007,Null/background,
gene_2008,2008,Null/background,
gene_2009,2009,Null/background,
gene_2010,2010,Null/background,
gene_2011,2011,Null/background,
gene_2012,2012,Null/background,
gene_2013,2013,Null/background,
gene_2014,2014,Null/background,
gene_2015,2015,Null/background,
gene_2016,2016,Null/background,
gene_2017,2017,Null/background,
gene_2018,2018,Null/background,
gene_2019,2019,Null/background,
gene_2020,2020,Null/background,
gene_2021,2021,Null/background,
gene_2022,2022,Null/background,
gene_2023,2023,Null/background,
gene_2024,2024,Null/background,
gene_2025,2025,Null/background,
gene_2026,2026,Null/background,
gene_2027,2027,Null/background,
gene_2028,2028,Null/background,
gene_2029,2029,Null/background,
gene_2030,2030,Null/background,
gene_2031,2031,Null/background,
gene_2032,2032,Null/background,
gene_2033,2033,Null/background,
gene_2034,2034,Null/background,
gene_2035,2035,Null/background,
gene_2036,2036,Null/background,
gene_2037,2037,Null/background,
gene_2038,2038,Null/background,
gene_2039,2039,Null/background,
gene_2040,2040,Null/background,
gene_2041,2041,Null/background,
gene_2042,2042,Null/background,
gene_2043,2043,Null/background,
gene_2044,2044,Null/background,
gene_2045,2045,Null/background,
gene_2046,2046,Null/background,
gene_2047,2047,Null/background,
gene_2048,2048,Null/background,
gene_2049,2049,Null/background,
gene_2050,2050,Null/background,
gene_2051,2051,Null/background,
gene_2052,2052,Null/background,
gene_2053,2053,Null/background,
gene_2054,2054,Null/background,
gene_2055,2055,Null/background,
gene_2056,2056,Null/background,
gene_2057,2057,Null/background,
gene_2058,2058,Null/background,
gene_2059,2059,Null/background,
gene_2060,2060,Null/background,
gene_2061,2061,Null/background,
gene_2062,2062,Null/background,
gene_2063,2063,Null/background,
gene_2064,2064,Null/background,
gene_2065,2065,Null/background,
gene_2066,2066,Null/background,
gene_2067,2067,Null/background,
gene_2068,2068,Null/background,
gene_2069,2069,Null/background,
gene_2070,2070,Null/background,
gene_2071,2071,Null/background,
gene_2072,2072,Null/background,
gene_2073,2073,Null/background,
gene_2074,2074,Null/background,
gene_2075,2075,Null/background,
gene_2076,2076,Null/background,
gene_2077,2077,Null/background,
gene_2078,2078,Null/background,
gene_2079,2079,Null/background,
gene_2080,2080,Null/background,
gene_2081,2081,Null/background,
gene_2082,2082,Null/background,
gene_2083,2083,Null/background,
gene_2084,2084,Null/background,
gene_2085,2085,Null/background,
gene_2086,2086,Null/background,
gene_2087,2087,Null/background,
gene_2088,2088,Null/background,
gene_2089,2089,Null/background,
gene_2090,2090,Null/background,
gene_2091,2091,Null/background,
gene_2092,2092,Null/background,
gene_2093,2093,Null/background,
gene_2094,2094,Null/background,
gene_2095,2095,Null/background,
gene_2096,2096,Null/background,
gene_2097,2097,Null/background,
gene_2098,2098,Null/background,
gene_2099,2099,Null/background,
gene_2100,2100,Null/background,
gene_2101,2101,Null/background,
gene_2102,2102,Null/background,
gene_2103,2103,Null/background,
gene_2104,2104,Null/background,
gene_2105,2105,Null/background,
gene_2106,2106,Null/background,
gene_2107,2107,Null/background,
gene_2108,2108,Null/background,
gene_2109,2109,Null/background,
gene_2110,2110,Null/background,
gene_2111,2111,Null/background,
gene_2112,2112,Null/background,
gene_2113,2113,Null/background,
gene_2114,2114,Null/background,
gene_2115,2115,Null/background,
gene_2116,2116,Null/background,
gene_2117,2117,Null/background,
gene_2118,2118,Null/background,
gene_2119,2119,Null/background,
gene_2120,2120,Null/background,
gene_2121,2121,Null/background,
gene_2122,2122,Null/background,
gene_2123,2123,Null/background,
gene_2124,2124,Null/background,
gene_2125,2125,Null/background,
gene_2126,2126,Null/background,
gene_2127,2127,Null/background,
gene_2128,2128,Null/background,
gene_2129,2129,Null/background,
gene_2130,2130,Null/background,
gene_2131,2131,Null/background,
gene_2132,2132,Null/background,
gene_2133,2133,Null/background,
gene_2134,2134,Null/background,
gene_2135,2135,Null/background,
gene_2136,2136,Null/background,
gene_2137,2137,Null/background,
gene_2138,2138,Null/background,
gene_2139,2139,Null/background,
gene_2140,2140,Null/background,
gene_2141,2141,Null/background,
gene_2142,2142,Null/background,
gene_2143,2143,Null/background,
gene_2144,2144,Null/background,
gene_2145,2145,Null/background,
gene_2146,2146,Null/background,
gene_2147,2147,Null/background,
gene_2148,2148,Null/background,
gene_2149,2149,Null/background,
gene_2150,2150,Null/background,
gene_2151,2151,Null/background,
gene_2152,2152,Null/background,
gene_2153,2153,Null/background,
gene_2154,2154,Null/background,
gene_2155,2155,Null/background,
gene_2156,2156,Null/background,
gene_2157,2157,Null/background,
gene_2158,2158,Null/background,
gene_2159,2159,Null/background,
gene_2160,2160,Null/background,
gene_2161,2161,Null/background,
gene_2162,2162,Null/background,
gene_2163,2163,Null/background,
gene_2164,2164,Null/background,
gene_2165,2165,Null/background,
gene_2166,2166,Null/background,
gene_2167,2167,Null/background,
gene_2168,2168,Null/background,
gene_2169,2169,Null/background,
gene_2170,2170,Null/background,
gene_2171,2171,Null/background,
gene_2172,2172,Null/background,
gene_2173,2173,Null/background,
gene_2174,2174,Null/background,
gene_2175,2175,Null/background,
gene_2176,2176,Null/background,
gene_2177,2177,Null/background,
gene_2178,2178,Null/background,
gene_2179,2179,Null/background,
gene_2180,2180,Null/background,
gene_2181,2181,Null/background,
gene_2182,2182,Null/background,
gene_2183,2183,Null/background,
gene_2184,2184,Null/background,
gene_2185,2185,Null/background,
gene_2186,2186,Null/background,
gene_2187,2187,Null/background,
gene_2188,2188,Null/background,
gene_2189,2189,Null/background,
gene_2190,2190,Null/background,
gene_2191,2191,Null/background,
gene_2192,2192,Null/background,
gene_2193,2193,Null/background,
gene_2194,2194,Null/background,
gene_2195,2195,Null/background,
gene_2196,2196,Null/background,
gene_2197,2197,Null/background,
gene_2198,2198,Null/background,
gene_2199,2199,Null/background,
gene_2200,2200,Null/background,
gene_2201,2201,Null/background,
gene_2202,2202,Null/background,
gene_2203,2203,Null/background,
gene_2204,2204,Null/background,
gene_2205,2205,Null/background,
gene_2206,2206,Null/background,
gene_2207,2207,Null/background,
gene_2208,2208,Null/background,
gene_2209,2209,Null/background,
gene_2210,2210,Null/background,
gene_2211,2211,Null/background,
gene_2212,2212,Null/background,
gene_2213,2213,Null/background,
gene_2214,2214,Null/background,
gene_2215,2215,Null/background,
gene_2216,2216,Null/background,
gene_2217,2217,Null/background,
gene_2218,2218,Null/background,
gene_2219,2219,Null/background,
gene_2220,2220,Null/background,
gene_2221,2221,Null/background,
gene_2222,2222,Null/background,
gene_2223,2223,Null/background,
gene_2224,2224,Null/background,
gene_2225,2225,Null/background,
gene_2226,2226,Null/background,
gene_2227,2227,Null/background,
gene_2228,2228,Null/background,
gene_2229,2229,Null/background,
gene_2230,2230,Null/background,
gene_2231,2231,Null/background,
gene_2232,2232,Null/background,
gene_2233,2233,Null/background,
gene_2234,2234,Null/background,
gene_2235,2235,Null/background,
gene_2236,2236,Null/background,
gene_2237,2237,Null/background,
gene_2238,2238,Null/background,
gene_2239,2239,Null/background,
gene_2240,2240,Null/background,
gene_2241,2241,Null/background,
gene_2242,2242,Null/background,
gene_2243,2243,Null/background,
gene_2244,2244,Null/background,
gene_2245,2245,Null/background,
gene_2246,2246,Null/background,
gene_2247,2247,Null/background,
gene_2248,2248,Null/background,
gene_2249,2249,Null/background,
gene_2250,2250,Null/background,
gene_2251,2251,Null/background,
gene_2252,2252,Null/background,
gene_2253,2253,Null/background,
gene_2254,2254,Null/background,
gene_2255,2255,Null/background,
gene_2256,2256,Null/background,
gene_2257,2257,Null/background,
gene_2258,2258,Null/background,
gene_2259,2259,Null/background,
gene_2260,2260,Null/background,
gene_2261,2261,Null/background,
gene_2262,2262,Null/background,
gene_2263,2263,Null/background,
gene_2264,2264,Null/background,
gene_2265,2265,Null/background,
gene_2266,2266,Null/background,
gene_2267,2267,Null/background,
gene_2268,2268,Null/background,
gene_2269,2269,Null/background,
gene_2270,2270,Null/background,
gene_2271,2271,Null/background,
gene_2272,2272,Null/background,
gene_2273,2273,Null/background,
gene_2274,2274,Null/background,
gene_2275,2275,Null/background,
gene_2276,2276,Null/background,
gene_2277,2277,Null/background,
gene_2278,2278,Null/background,
gene_2279,2279,Null/background,
gene_2280,2280,Null/background,
gene_2281,2281,Null/background,
gene_2282,2282,Null/background,
gene_2283,2283,Null/background,
gene_2284,2284,Null/background,
gene_2285,2285,Null/background,
gene_2286,2286,Null/background,
gene_2287,2287,Null/background,
gene_2288,2288,Null/background,
gene_2289,2289,Null/background,
gene_2290,2290,Null/background,
gene_2291,2291,Null/background,
gene_2292,2292,Null/background,
gene_2293,2293,Null/background,
gene_2294,2294,Null/background,
gene_2295,2295,Null/background,
gene_2296,2296,Null/background,
gene_2297,2297,Null/background,
gene_2298,2298,Null/background,
gene_2299,2299,Null/background,
gene_2300,2300,Null/background,
gene_2301,2301,Null/background,
gene_2302,2302,Null/background,
gene_2303,2303,Null/background,
gene_2304,2304,Null/background,
gene_2305,2305,Null/background,
gene_2306,2306,Null/background,
gene_2307,2307,Null/background,
gene_2308,2308,Null/background,
gene_2309,2309,Null/background,
gene_2310,2310,Null/background,
gene_2311,2311,Null/background,
gene_2312,2312,Null/background,
gene_2313,2313,Null/background,
gene_2314,2314,Null/background,
gene_2315,2315,Null/background,
gene_2316,2316,Null/background,
gene_2317,2317,Null/background,
gene_2318,2318,Null/background,
gene_2319,2319,Null/background,
gene_2320,2320,Null/background,
gene_2321,2321,Null/background,
gene_2322,2322,Null/background,
gene_2323,2323,Null/background,
gene_2324,2324,Null/background,
gene_2325,2325,Null/background,
gene_2326,2326,Null/background,
gene_2327,2327,Null/background,
gene_2328,2328,Null/background,
gene_2329,2329,Null/background,
gene_2330,2330,Null/background,
gene_2331,2331,Null/background,
gene_2332,2332,Null/background,
gene_2333,2333,Null/background,
gene_2334,2334,Null/background,
gene_2335,2335,Null/background,
gene_2336,2336,Null/background,
gene_2337,2337,Null/background,
gene_2338,2338,Null/background,
gene_2339,2339,Null/background,
gene_2340,2340,Null/background,
gene_2341,2341,Null/background,
gene_2342,2342,Null/background,
gene_2343,2343,Null/background,
gene_2344,2344,Null/background,
gene_2345,2345,Null/background,
gene_2346,2346,Null/background,
gene_2347,2347,Null/background,
gene_2348,2348,Null/background,
gene_2349,2349,Null/background,
gene_2350,2350,Null/background,
gene_2351,2351,Null/background,
gene_2352,2352,Null/background,
gene_2353,2353,Null/background,
gene_2354,2354,Null/background,
gene_2355,2355,Null/background,
gene_2356,2356,Null/background,
gene_2357,2357,Null/background,
gene_2358,2358,Null/background,
gene_2359,2359,Null/background,
gene_2360,2360,Null/background,
gene_2361,2361,Null/background,
gene_2362,2362,Null/background,
gene_2363,2363,Null/background,
gene_2364,2364,Null/background,
gene_2365,2365,Null/background,
gene_2366,2366,Null/background,
gene_2367,2367,Null/background,
gene_2368,2368,Null/background,
gene_2369,2369,Null/background,
gene_2370,2370,Null/background,
gene_2371,2371,Null/background,
gene_2372,2372,Null/background,
gene_2373,2373,Null/background,
gene_2374,2374,Null/background,
gene_2375,2375,Null/background,
gene_2376,2376,Null/background,
gene_2377,2377,Null/background,
gene_2378,2378,Null/background,
gene_2379,2379,Null/background,
gene_2380,2380,Null/background,
gene_2381,2381,Null/background,
gene_2382,2382,Null/background,
gene_2383,2383,Null/background,
gene_2384,2384,Null/background,
gene_2385,2385,Null/background,
gene_2386,2386,Null/background,
gene_2387,2387,Null/background,
gene_2388,2388,Null/background,
gene_2389,2389,Null/background,
gene_2390,2390,Null/background,
gene_2391,2391,Null/background,
gene_2392,2392,Null/background,
gene_2393,2393,Null/background,
gene_2394,2394,Null/background,
gene_2395,2395,Null/background,
gene_2396,2396,Null/background,
gene_2397,2397,Null/background,
gene_2398,2398,Null/background,
gene_2399,2399,Null/background,
gene_2400,2400,Null/background,
gene_2401,2401,Null/background,
gene_2402,2402,Null/background,
gene_2403,2403,Null/background,
gene_2404,2404,Null/background,
gene_2405,2405,Null/background,
gene_2406,2406,Null/background,
gene_2407,2407,Null/background,
gene_2408,2408,Null/background,
gene_2409,2409,Null/background,
gene_2410,2410,Null/background,
gene_2411,2411,Null/background,
gene_2412,2412,Null/background,
gene_2413,2413,Null/background,
gene_2414,2414,Null/background,
gene_2415,2415,Null/background,
gene_2416,2416,Null/background,
gene_2417,2417,Null/background,
gene_2418,2418,Null/background,
gene_2419,2419,Null/background,
gene_2420,2420,Null/background,
gene_2421,2421,Null/background,
gene_2422,2422,Null/background,
gene_2423,2423,Null/background,
gene_2424,2424,Null/background,
gene_2425,2425,Null/background,
gene_2426,2426,Null/background,
gene_2427,2427,Null/background,
gene_2428,2428,Null/background,
gene_2429,2429,Null/background,
gene_2430,2430,Null/background,
gene_2431,2431,Null/background,
gene_2432,2432,Null/background,
gene_2433,2433,Null/background,
gene_2434,2434,Null/background,
gene_2435,2435,Null/background,
gene_2436,2436,Null/background,
gene_2437,2437,Null/background,
gene_2438,2438,Null/background,
gene_2439,2439,Null/background,
gene_2440,2440,Null/background,
gene_2441,2441,Null/background,
gene_2442,2442,Null/background,
gene_2443,2443,Null/background,
gene_2444,2444,Null/background,
gene_2445,2445,Null/background,
gene_2446,2446,Null/background,
gene_2447,2447,Null/background,
gene_2448,2448,Null/background,
gene_2449,2449,Null/background,
gene_2450,2450,Null/background,
gene_2451,2451,Null/background,
gene_2452,2452,Null/background,
gene_2453,2453,Null/background,
gene_2454,2454,Null/background,
gene_2455,2455,Null/background,
gene_2456,2456,Null/background,
gene_2457,2457,Null/background,
gene_2458,2458,Null/background,
gene_2459,2459,Null/background,
gene_2460,2460,Null/background,
gene_2461,2461,Null/background,
gene_2462,2462,Null/background,
gene_2463,2463,Null/background,
gene_2464,2464,Null/background,
gene_2465,2465,Null/background,
gene_2466,2466,Null/background,
gene_2467,2467,Null/background,
gene_2468,2468,Null/background,
gene_2469,2469,Null/background,
gene_2470,2470,Null/background,
gene_2471,2471,Null/background,
gene_2472,2472,Null/background,
gene_2473,2473,Null/background,
gene_2474,2474,Null/background,
gene_2475,2475,Null/background,
gene_2476,2476,Null/background,
gene_2477,2477,Null/background,
gene_2478,2478,Null/background,
gene_2479,2479,Null/background,
gene_2480,2480,Null/background,
gene_2481,2481,Null/background,
gene_2482,2482,Null/background,
gene_2483,2483,Null/background,
gene_2484,2484,Null/background,
gene_2485,2485,Null/background,
gene_2486,2486,Null/background,
gene_2487,2487,Null/background,
gene_2488,2488,Null/background,
gene_2489,2489,Null/background,
gene_2490,2490,Null/background,
gene_2491,2491,Null/background,
gene_2492,2492,Null/background,
gene_2493,2493,Null/background,
gene_2494,2494,Null/background,
gene_2495,2495,Null/background,
gene_2496,2496,Null/background,
gene_2497,2497,Null/background,
gene_2498,2498,Null/background,
gene_2499,2499,Null/background,
gene_2500,2500,Null/background,
gene_2501,2501,Null/background,
gene_2502,2502,Null/background,
gene_2503,2503,Null/background,
gene_2504,2504,Null/background,
gene_2505,2505,Null/background,
gene_2506,2506,Null/background,
gene_2507,2507,Null/background,
gene_2508,2508,Null/background,
gene_2509,2509,Null/background,
gene_2510,2510,Null/background,
gene_2511,2511,Null/background,
gene_2512,2512,Null/background,
gene_2513,2513,Null/background,
gene_2514,2514,Null/background,
gene_2515,2515,Null/background,
gene_2516,2516,Null/background,
gene_2517,2517,Null/background,
gene_2518,2518,Null/background,
gene_2519,2519,Null/background,
gene_2520,2520,Null/background,
gene_2521,2521,Null/background,
gene_2522,2522,Null/background,
gene_2523,2523,Null/background,
gene_2524,2524,Null/background,
gene_2525,2525,Null/background,
gene_2526,2526,Null/background,
gene_2527,2527,Null/background,
gene_2528,2528,Null/background,
gene_2529,2529,Null/background,
gene_2530,2530,Null/background,
gene_2531,2531,Null/background,
gene_2532,2532,Null/background,
gene_2533,2533,Null/background,
gene_2534,2534,Null/background,
gene_2535,2535,Null/background,
gene_2536,2536,Null/background,
gene_2537,2537,Null/background,
gene_2538,2538,Null/background,
gene_2539,2539,Null/background,
gene_2540,2540,Null/background,
gene_2541,2541,Null/background,
gene_2542,2542,Null/background,
gene_2543,2543,Null/background,
gene_2544,2544,Null/background,
gene_2545,2545,Null/background,
gene_2546,2546,Null/background,
gene_2547,2547,Null/background,
gene_2548,2548,Null/background,
gene_2549,2549,Null/background,
gene_2550,2550,Null/background,
gene_2551,2551,Null/background,
gene_2552,2552,Null/background,
gene_2553,2553,Null/background,
gene_2554,2554,Null/background,
gene_2555,2555,Null/background,
gene_2556,2556,Null/background,
gene_2557,2557,Null/background,
gene_2558,2558,Null/background,
gene_2559,2559,Null/background,
gene_2560,2560,Null/background,
gene_2561,2561,Null/background,
gene_2562,2562,Null/background,
gene_2563,2563,Null/background,
gene_2564,2564,Null/background,
gene_2565,2565,Null/background,
gene_2566,2566,Null/background,
gene_2567,2567,Null/background,
gene_2568,2568,Null/background,
gene_2569,2569,Null/background,
gene_2570,2570,Null/background,
gene_2571,2571,Null/background,
gene_2572,2572,Null/background,
gene_2573,2573,Null/background,
gene_2574,2574,Null/background,
gene_2575,2575,Null/background,
gene_2576,2576,Null/background,
gene_2577,2577,Null/background,
gene_2578,2578,Null/background,
gene_2579,2579,Null/background,
gene_2580,2580,Null/background,
gene_2581,2581,Null/background,
gene_2582,2582,Null/background,
gene_2583,2583,Null/background,
gene_2584,2584,Null/background,
gene_2585,2585,Null/background,
gene_2586,2586,Null/background,
gene_2587,2587,Null/background,
gene_2588,2588,Null/background,
gene_2589,2589,Null/background,
gene_2590,2590,Null/background,
gene_2591,2591,Null/background,
gene_2592,2592,Null/background,
gene_2593,2593,Null/background,
gene_2594,2594,Null/background,
gene_2595,2595,Null/background,
gene_2596,2596,Null/background,
gene_2597,2597,Null/background,
gene_2598,2598,Null/background,
gene_2599,2599,Null/background,
gene_2600,2600,Null/background,
gene_2601,2601,Null/background,
gene_2602,2602,Null/background,
gene_2603,2603,Null/background,
gene_2604,2604,Null/background,
gene_2605,2605,Null/background,
gene_2606,2606,Null/background,
gene_2607,2607,Null/background,
gene_2608,2608,Null/background,
gene_2609,2609,Null/background,
gene_2610,2610,Null/background,
gene_2611,2611,Null/background,
gene_2612,2612,Null/background,
gene_2613,2613,Null/background,
gene_2614,2614,Null/background,
gene_2615,2615,Null/background,
gene_2616,2616,Null/background,
gene_2617,2617,Null/background,
gene_2618,2618,Null/background,
gene_2619,2619,Null/background,
gene_2620,2620,Null/background,
gene_2621,2621,Null/background,
gene_2622,2622,Null/background,
gene_2623,2623,Null/background,
gene_2624,2624,Null/background,
gene_2625,2625,Null/background,
gene_2626,2626,Null/background,
gene_2627,2627,Null/background,
gene_2628,2628,Null/background,
gene_2629,2629,Null/background,
gene_2630,2630,Null/background,
gene_2631,2631,Null/background,
gene_2632,2632,Null/background,
gene_2633,2633,Null/background,
gene_2634,2634,Null/background,
gene_2635,2635,Null/background,
gene_2636,2636,Null/background,
gene_2637,2637,Null/background,
gene_2638,2638,Null/background,
gene_2639,2639,Null/background,
gene_2640,2640,Null/background,
gene_2641,2641,Null/background,
gene_2642,2642,Null/background,
gene_2643,2643,Null/background,
gene_2644,2644,Null/background,
gene_2645,2645,Null/background,
gene_2646,2646,Null/background,
gene_2647,2647,Null/background,
gene_2648,2648,Null/background,
gene_2649,2649,Null/background,
gene_2650,2650,Null/background,
gene_2651,2651,Null/background,
gene_2652,2652,Null/background,
gene_2653,2653,Null/background,
gene_2654,2654,Null/background,
gene_2655,2655,Null/background,
gene_2656,2656,Null/background,
gene_2657,2657,Null/background,
gene_2658,2658,Null/background,
gene_2659,2659,Null/background,
gene_2660,2660,Null/background,
gene_2661,2661,Null/background,
gene_2662,2662,Null/background,
gene_2663,2663,Null/background,
gene_2664,2664,Null/background,
gene_2665,2665,Null/background,
gene_2666,2666,Null/background,
gene_2667,2667,Null/background,
gene_2668,2668,Null/background,
gene_2669,2669,Null/background,
gene_2670,2670,Null/background,
gene_2671,2671,Null/background,
gene_2672,2672,Null/background,
gene_2673,2673,Null/background,
gene_2674,2674,Null/background,
gene_2675,2675,Null/background,
gene_2676,2676,Null/background,
gene_2677,2677,Null/background,
gene_2678,2678,Null/background,
gene_2679,2679,Null/background,
gene_2680,2680,Null/background,
gene_2681,2681,Null/background,
gene_2682,2682,Null/background,
gene_2683,2683,Null/background,
gene_2684,2684,Null/background,
gene_2685,2685,Null/background,
gene_2686,2686,Null/background,
gene_2687,2687,Null/background,
gene_2688,2688,Null/background,
gene_2689,2689,Null/background,
gene_2690,2690,Null/background,
gene_2691,2691,Null/background,
gene_2692,2692,Null/background,
gene_2693,2693,Null/background,
gene_2694,2694,Null/background,
gene_2695,2695,Null/background,
gene_2696,2696,Null/background,
gene_2697,2697,Null/background,
gene_2698,2698,Null/background,
gene_2699,2699,Null/background,
gene_2700,2700,Null/background,
gene_2701,2701,Null/background,
gene_2702,2702,Null/background,
gene_2703,2703,Null/background,
gene_2704,2704,Null/background,
gene_2705,2705,Null/background,
gene_2706,2706,Null/background,
gene_2707,2707,Null/background,
gene_2708,2708,Null/background,
gene_2709,2709,Null/background,
gene_2710,2710,Null/background,
gene_2711,2711,Null/background,
gene_2712,2712,Null/background,
gene_2713,2713,Null/background,
gene_2714,2714,Null/background,
gene_2715,2715,Null/background,
gene_2716,2716,Null/background,
gene_2717,2717,Null/background,
gene_2718,2718,Null/background,
gene_2719,2719,Null/background,
gene_2720,2720,Null/background,
gene_2721,2721,Null/background,
gene_2722,2722,Null/background,
gene_2723,2723,Null/background,
gene_2724,2724,Null/background,
gene_2725,2725,Null/background,
gene_2726,2726,Null/background,
gene_2727,2727,Null/background,
gene_2728,2728,Null/background,
gene_2729,2729,Null/background,
gene_2730,2730,Null/background,
gene_2731,2731,Null/background,
gene_2732,2732,Null/background,
gene_2733,2733,Null/background,
gene_2734,2734,Null/background,
gene_2735,2735,Null/background,
gene_2736,2736,Null/background,
gene_2737,2737,Null/background,
gene_2738,2738,Null/background,
gene_2739,2739,Null/background,
gene_2740,2740,Null/background,
gene_2741,2741,Null/background,
gene_2742,2742,Null/background,
gene_2743,2743,Null/background,
gene_2744,2744,Null/background,
gene_2745,2745,Null/background,
gene_2746,2746,Null/background,
gene_2747,2747,Null/background,
gene_2748,2748,Null/background,
gene_2749,2749,Null/background,
gene_2750,2750,Null/background,
gene_2751,2751,Null/background,
gene_2752,2752,Null/background,
gene_2753,2753,Null/background,
gene_2754,2754,Null/background,
gene_2755,2755,Null/background,
gene_2756,2756,Null/background,
gene_2757,2757,Null/background,
gene_2758,2758,Null/background,
gene_2759,2759,Null/background,
gene_2760,2760,Null/background,
gene_2761,2761,Null/background,
gene_2762,2762,Null/background,
gene_2763,2763,Null/background,
gene_2764,2764,Null/background,
gene_2765,2765,Null/background,
gene_2766,2766,Null/background,
gene_2767,2767,Null/background,
gene_2768,2768,Null/background,
gene_2769,2769,Null/background,
gene_2770,2770,Null/background,
gene_2771,2771,Null/background,
gene_2772,2772,Null/background,
gene_2773,2773,Null/background,
gene_2774,2774,Null/background,
gene_2775,2775,Null/background,
gene_2776,2776,Null/background,
gene_2777,2777,Null/background,
gene_2778,2778,Null/background,
gene_2779,2779,Null/background,
gene_2780,2780,Null/background,
gene_2781,2781,Null/background,
gene_2782,2782,Null/background,
gene_2783,2783,Null/background,
gene_2784,2784,Null/background,
gene_2785,2785,Null/background,
gene_2786,2786,Null/background,
gene_2787,2787,Null/background,
gene_2788,2788,Null/background,
gene_2789,2789,Null/background,
gene_2790,2790,Null/background,
gene_2791,2791,Null/background,
gene_2792,2792,Null/background,
gene_2793,2793,Null/background,
gene_2794,2794,Null/background,
gene_2795,2795,Null/background,
gene_2796,2796,Null/background,
gene_2797,2797,Null/background,
gene_2798,2798,Null/background,
gene_2799,2799,Null/background,
gene_2800,2800,Null/background,
gene_2801,2801,Null/background,
gene_2802,2802,Null/background,
gene_2803,2803,Null/background,
gene_2804,2804,Null/background,
gene_2805,2805,Null/background,
gene_2806,2806,Null/background,
gene_2807,2807,Null/background,
gene_2808,2808,Null/background,
gene_2809,2809,Null/background,
gene_2810,2810,Null/background,
gene_2811,2811,Null/background,
gene_2812,2812,Null/background,
gene_2813,2813,Null/background,
gene_2814,2814,Null/background,
gene_2815,2815,Null/background,
gene_2816,2816,Null/background,
gene_2817,2817,Null/background,
gene_2818,2818,Null/background,
gene_2819,2819,Null/background,
gene_2820,2820,Null/background,
gene_2821,2821,Null/background,
gene_2822,2822,Null/background,
gene_2823,2823,Null/background,
gene_2824,2824,Null/background,
gene_2825,2825,Null/background,
gene_2826,2826,Null/background,
gene_2827,2827,Null/background,
gene_2828,2828,Null/background,
gene_2829,2829,Null/background,
gene_2830,2830,Null/background,
gene_2831,2831,Null/background,
gene_2832,2832,Null/background,
gene_2833,2833,Null/background,
gene_2834,2834,Null/background,
gene_2835,2835,Null/background,
gene_2836,2836,Null/background,
gene_2837,2837,Null/background,
gene_2838,2838,Null/background,
gene_2839,2839,Null/background,
gene_2840,2840,Null/background,
gene_2841,2841,Null/background,
gene_2842,2842,Null/background,
gene_2843,2843,Null/background,
gene_2844,2844,Null/background,
gene_2845,2845,Null/background,
gene_2846,2846,Null/background,
gene_2847,2847,Null/background,
gene_2848,2848,Null/background,
gene_2849,2849,Null/background,
gene_2850,2850,Null/background,
gene_2851,2851,Null/background,
gene_2852,2852,Null/background,
gene_2853,2853,Null/background,
gene_2854,2854,Null/background,
gene_2855,2855,Null/background,
gene_2856,2856,Null/background,
gene_2857,2857,Null/background,
gene_2858,2858,Null/background,
gene_2859,2859,Null/background,
gene_2860,2860,Null/background,
gene_2861,2861,Null/background,
gene_2862,2862,Null/background,
gene_2863,2863,Null/background,
gene_2864,2864,Null/background,
gene_2865,2865,Null/background,
gene_2866,2866,Null/background,
gene_2867,2867,Null/background,
gene_2868,2868,Null/background,
gene_2869,2869,Null/background,
gene_2870,2870,Null/background,
gene_2871,2871,Null/background,
gene_2872,2872,Null/background,
gene_2873,2873,Null/background,
gene_2874,2874,Null/background,
gene_2875,2875,Null/background,
gene_2876,2876,Null/background,
gene_2877,2877,Null/background,
gene_2878,2878,Null/background,
gene_2879,2879,Null/background,
gene_2880,2880,Null/background,
gene_2881,2881,Null/background,
gene_2882,2882,Null/background,
gene_2883,2883,Null/background,
gene_2884,2884,Null/background,
gene_2885,2885,Null/background,
gene_2886,2886,Null/background,
gene_2887,2887,Null/background,
gene_2888,2888,Null/background,
gene_2889,2889,Null/background,
gene_2890,2890,Null/background,
gene_2891,2891,Null/background,
gene_2892,2892,Null/background,
gene_2893,2893,Null/background,
gene_2894,2894,Null/background,
gene_2895,2895,Null/background,
gene_2896,2896,Null/background,
gene_2897,2897,Null/background,
gene_2898,2898,Null/background,
gene_2899,2899,Null/background,
gene_2900,2900,Null/background,
gene_2901,2901,Null/background,
gene_2902,2902,Null/background,
gene_2903,2903,Null/background,
gene_2904,2904,Null/background,
gene_2905,2905,Null/background,
gene_2906,2906,Null/background,
gene_2907,2907,Null/background,
gene_2908,2908,Null/background,
gene_2909,2909,Null/background,
gene_2910,2910,Null/background,
gene_2911,2911,Null/background,
gene_2912,2912,Null/background,
gene_2913,2913,Null/background,
gene_2914,2914,Null/background,
gene_2915,2915,Null/background,
gene_2916,2916,Null/background,
gene_2917,2917,Null/background,
gene_2918,2918,Null/background,
gene_2919,2919,Null/background,
gene_2920,2920,Null/background,
gene_2921,2921,Null/background,
gene_2922,2922,Null/background,
gene_2923,2923,Null/background,
gene_2924,2924,Null/background,
gene_2925,2925,Null/background,
gene_2926,2926,Null/background,
gene_2927,2927,Null/background,
gene_2928,2928,Null/background,
gene_2929,2929,Null/background,
gene_2930,2930,Null/background,
gene_2931,2931,Null/background,
gene_2932,2932,Null/background,
gene_2933,2933,Null/background,
gene_2934,2934,Null/background,
gene_2935,2935,Null/background,
gene_2936,2936,Null/background,
gene_2937,2937,Null/background,
gene_2938,2938,Null/background,
gene_2939,2939,Null/background,
gene_2940,2940,Null/background,
gene_2941,2941,Null/background,
gene_2942,2942,Null/background,
gene_2943,2943,Null/background,
gene_2944,2944,Null/background,
gene_2945,2945,Null/background,
gene_2946,2946,Null/background,
gene_2947,2947,Null/background,
gene_2948,2948,Null/background,
gene_2949,2949,Null/background,
gene_2950,2950,Null/background,
gene_2951,2951,Null/background,
gene_2952,2952,Null/background,
gene_2953,2953,Null/background,
gene_2954,2954,Null/background,
gene_2955,2955,Null/background,
gene_2956,2956,Null/background,
gene_2957,2957,Null/background,
gene_2958,2958,Null/background,
gene_2959,2959,Null/background,
gene_2960,2960,Null/background,
gene_2961,2961,Null/background,
gene_2962,2962,Null/background,
gene_2963,2963,Null/background,
gene_2964,2964,Null/background,
gene_2965,2965,Null/background,
gene_2966,2966,Null/background,
gene_2967,2967,Null/background,
gene_2968,2968,Null/background,
gene_2969,2969,Null/background,
gene_2970,2970,Null/background,
gene_2971,2971,Null/background,
gene_2972,2972,Null/background,
gene_2973,2973,Null/background,
gene_2974,2974,Null/background,
gene_2975,2975,Null/background,
gene_2976,2976,Null/background,
gene_2977,2977,Null/background,
gene_2978,2978,Null/background,
gene_2979,2979,Null/background,
gene_2980,2980,Null/background,
gene_2981,2981,Null/background,
gene_2982,2982,Null/background,
gene_2983,2983,Null/background,
gene_2984,2984,Null/background,
gene_2985,2985,Null/background,
gene_2986,2986,Null/background,
gene_2987,2987,Null/background,
gene_2988,2988,Null/background,
gene_2989,2989,Null/background,
gene_2990,2990,Null/background,
gene_2991,2991,Null/background,
gene_2992,2992,Null/background,
gene_2993,2993,Null/background,
gene_2994,2994,Null/background,
gene_2995,2995,Null/background,
gene_2996,2996,Null/background,
gene_2997,2997,Null/background,
gene_2998,2998,Null/background,
gene_2999,2999,Null/background,
